,Week Ending,Federal Provider Number,Provider Name,Provider Address,Provider City,Provider State,Provider Zip Code,Submitted Data,Passed Quality Assurance Check,Residents Weekly Admissions COVID-19,Residents Total Admissions COVID-19,Residents Weekly Confirmed COVID-19,Residents Total Confirmed COVID-19,Residents Weekly Suspected COVID-19,Residents Total Suspected COVID-19,Residents Weekly All Deaths,Residents Total All Deaths,Residents Weekly COVID-19 Deaths,Residents Total COVID-19 Deaths,Number of All Beds,Total Number of Occupied Beds,Resident Access to Testing in Facility,Laboratory Type Is State Health Dept,Laboratory Type Is Private Lab,Laboratory Type Is Other,Able to Test or Obtain Resources to Test All Current Residents Within Next 7 Days,Reason for Not Testing Residents - Lack of PPE for Personnel ,Reason for Not Testing Residents - Lack of Supplies,Reason for Not Testing Residents  - Lack of Access to Laboratory,Reason for Not Testing Residents - Lack of Access to Trained Personnel ,Reason for Not Testing Residents  - Uncertainty About Reimbursement,Reason for Not Testing Residents  - Other,During Past Two Weeks Average Time to Receive Resident Test Results,Has Facility Performed Resident Tests Since Last Report,Tested Residents with New Signs or Symptoms,Tested Asymptomatic Residents in a Unit or Section After a New Case,Tested Asymptomatic Residents Facility-Wide After a New Case,Tested Asymptomatic Residents Without Known Exposure as Surveillance,Tested Another Subgroup of Residents,Able to Test or Obtain Resources to Test All Staff and/or Personnel Within Next 7 Days,Reason for Not Testing Staff and/or Personnel - Lack of PPE for Personnel ,Reason for Not Testing Staff and/or Personnel - Lack of Supplies,Reason for Not Testing Staff and/or Personnel - Lack of Access to Laboratory,Reason for Not Testing Staff and/or Personnel  - Lack of Access to Trained Personnel ,Reason for Not Testing Staff and/or Personnel - Uncertainty About Reimbursement,Reason for Not Testing Staff and/or Personnel - Other,During Past Two Weeks Average Time to Receive Staff and/or Personnel Test Results,Has Facility Performed Staff and/or Personnel Tests Since Last Report,Tested Staff and/or Personnel with New Signs or Symptoms,Tested Asymptomatic Staff and/or Personnel in a Unit or Section After a New Case,Tested Asymptomatic Staff and/or Personnel Facility-Wide After a New Case,Tested Asymptomatic Staff and/or Personnel Without Known Exposure as Surveillance,Tested Another Subgroup of Staff and/or Personnel,In-House Point-of-Care Test Machine,COVID-19 Point-of-Care Tests Performed on Residents Since Last Report,COVID-19 Point-of-Care Tests Performed on Staff and/or Personnel Since Last Report,Enough Supplies to Test All Staff and/or Personnel Using Point-of-Care Test Machine,Staff Weekly Confirmed COVID-19,Staff Total Confirmed COVID-19,Staff Weekly Suspected COVID-19,Staff Total Suspected COVID-19,Staff Weekly COVID-19 Deaths,Staff Total COVID-19 Deaths,Shortage of Nursing Staff,Shortage of Clinical Staff,Shortage of Aides,Shortage of Other Staff,Any Current Supply of N95 Masks,One-Week Supply of N95 Masks,Any Current Supply of Surgical Masks,One-Week Supply of Surgical Masks,Any Current Supply of Eye Protection,One-Week Supply of Eye Protection,Any Current Supply of Gowns,One-Week Supply of Gowns,Any Current Supply of Gloves,One-Week Supply of Gloves,Any Current Supply of Hand Sanitizer,One-Week Supply of Hand Sanitizer,Ventilator Dependent Unit,Number of Ventilators in Facility,Number of Ventilators in Use for COVID-19,Any Current Supply of Ventilator Supplies,One-Week Supply of Ventilator Supplies,"Total Resident Confirmed COVID-19 Cases Per 1,000 Residents","Total Resident COVID-19 Deaths Per 1,000 Residents",Total Residents COVID-19 Deaths as a Percentage of Confirmed COVID-19 Cases,County,Three or More Confirmed COVID-19 Cases This Week,Initial Confirmed COVID-19 Case This Week,Geolocation,ReportingDate,confirmed_cases,deaths,CFR,outbreaks,facilities
0,2020-11-01,145773,GOOD SAMARITAN HOME,2130 HARRISON STREET,QUINCY,IL,62301,Y,Y,0.0,0.0,0.0,3.0,0.0,9.0,0.0,20.0,0.0,0.0,213.0,167.0,,,,,Y,N,N,N,N,N,N,1-2 DAYS,Y,Y,Y,N,N,N,Y,N,N,N,N,N,N,1-2 DAYS,Y,N,N,Y,N,N,Y,0.0,3.0,Y,2.0,19.0,0.0,30.0,0.0,0.0,Y,N,Y,N,Y,Y,Y,Y,Y,Y,Y,Y,Y,Y,Y,Y,N,,,,,18.0,0.0,0.0,Adams,N,N,POINT (-91.380324 39.913547),2020-11-13,13,1,0.07692307692307693,1,1
1,2020-11-01,145800,SUNSET HOME,418 WASHINGTON STREET,QUINCY,IL,62301,Y,Y,0.0,0.0,0.0,4.0,0.0,2.0,2.0,14.0,0.0,0.0,160.0,111.0,,,,,Y,N,N,N,N,N,N,1-2 DAYS,Y,N,N,N,Y,N,Y,N,N,N,N,N,N,<1 DAY,Y,N,N,N,Y,N,Y,1.0,160.0,Y,0.0,9.0,0.0,7.0,0.0,0.0,N,N,N,N,Y,Y,Y,Y,Y,Y,Y,Y,Y,Y,Y,Y,N,,,,,36.0,0.0,0.0,Adams,N,N,POINT (-91.409341 39.92265),2020-11-13,10,0,0.0,1,1
2,2020-11-01,145909,GREENVILLE NURSING & REHAB,400 EAST HILLVIEW AVENUE,GREENVILLE,IL,62246,Y,Y,0.0,0.0,0.0,10.0,0.0,6.0,0.0,10.0,0.0,1.0,90.0,57.0,,,,,Y,N,N,N,N,N,N,1-2 DAYS,Y,N,N,N,Y,N,Y,N,N,N,N,N,N,1-2 DAYS,Y,N,N,N,Y,N,Y,0.0,0.0,Y,0.0,8.0,0.0,5.0,0.0,0.0,N,N,N,N,Y,Y,Y,Y,Y,Y,Y,Y,Y,Y,Y,Y,N,,,,,175.4,17.5,10.0,Bond,N,N,POINT (-89.408034 38.876113),2020-11-13,21,1,0.047619047619047616,1,1
3,2020-11-01,146071,PARK PLACE OF BELVIDERE,1701 5TH AVENUE,BELVIDERE,IL,61008,Y,Y,0.0,1.0,0.0,3.0,0.0,0.0,0.0,5.0,0.0,0.0,80.0,57.0,,,,,Y,N,N,N,N,N,N,1-2 DAYS,Y,N,N,Y,N,N,Y,N,N,N,N,N,N,1-2 DAYS,Y,N,N,Y,Y,N,Y,0.0,0.0,Y,1.0,5.0,0.0,1.0,0.0,0.0,N,N,N,N,Y,Y,Y,Y,Y,Y,Y,Y,Y,Y,Y,Y,N,,,,,52.6,0.0,0.0,Boone,N,N,POINT (-88.846577 42.243636),2020-11-13,6,0,0.0,1,1
4,2020-11-01,145486,APERION CARE SPRING VALLEY,1300 NORTH GREENWOOD STREET,SPRING VALLEY,IL,61362,Y,Y,0.0,0.0,6.0,9.0,0.0,0.0,0.0,0.0,0.0,0.0,98.0,95.0,,,,,Y,N,N,N,N,N,N,1-2 DAYS,Y,N,N,N,Y,N,Y,N,N,N,N,N,N,1-2 DAYS,Y,N,N,N,Y,N,Y,3.0,5.0,Y,1.0,4.0,0.0,0.0,0.0,0.0,N,N,N,N,Y,Y,Y,Y,Y,Y,Y,Y,Y,Y,Y,Y,N,,,,,94.7,0.0,0.0,Bureau,Y,N,POINT (-89.198353 41.339298),2020-11-13,29,0,0.0,1,1
5,2020-11-01,146100,WALKER NURSING HOME,530 EAST BEARDSTOWN STREET,VIRGINIA,IL,62691,Y,Y,0.0,0.0,0.0,30.0,1.0,1.0,0.0,10.0,0.0,10.0,71.0,26.0,,,,,Y,N,N,N,N,N,N,<1 DAY,Y,N,N,N,Y,N,Y,N,N,N,N,N,N,<1 DAY,Y,N,N,N,Y,N,Y,3.0,9.0,Y,0.0,21.0,0.0,0.0,0.0,0.0,Y,Y,N,N,Y,Y,Y,Y,Y,Y,Y,Y,Y,Y,Y,Y,N,,,,,1153.8,384.6,33.3,Cass,N,N,POINT (-90.205881 39.94748),2020-11-13,57,11,0.19298245614035087,1,1
6,2020-11-01,145502,TAYLORVILLE CARE CENTER,600 SOUTH HOUSTON,TAYLORVILLE,IL,62568,Y,Y,0.0,1.0,0.0,67.0,0.0,10.0,1.0,39.0,1.0,17.0,98.0,51.0,,,,,Y,N,N,N,N,N,N,1-2 DAYS,Y,N,N,Y,N,N,Y,N,N,N,N,N,N,1-2 DAYS,Y,N,N,Y,N,N,Y,0.0,0.0,Y,1.0,39.0,0.0,17.0,0.0,0.0,N,N,N,N,Y,Y,Y,Y,Y,Y,Y,Y,Y,Y,Y,Y,N,,,,,1313.7,333.3,25.4,Christian,N,N,POINT (-89.311245 39.54411),2020-11-13,91,16,0.17582417582417584,1,1
7,2020-11-01,145601,AVISTON COUNTRYSIDE MANOR,450 WEST 1ST STREET,AVISTON,IL,62216,Y,N,0.0,5.0,0.0,0.0,0.0,14.0,4.0,52.0,3.0,5.0,97.0,48.0,,,,,Y,N,N,N,N,N,N,3-7 DAYS,Y,Y,N,Y,N,N,Y,N,N,N,N,N,N,3-7 DAYS,Y,Y,N,Y,N,N,Y,0.0,4.0,Y,7.0,25.0,2.0,31.0,0.0,0.0,N,N,N,N,Y,Y,Y,Y,Y,Y,Y,Y,Y,Y,Y,Y,N,,,,,0.0,104.2,,Clinton,N,N,POINT (-89.61024100000002 38.60754),2020-11-13,55,7,0.12727272727272726,1,1
8,2020-11-01,145410,BREESE NURSING HOME,1155 NORTH FIRST STREET,BREESE,IL,62230,Y,Y,1.0,4.0,1.0,32.0,0.0,1.0,5.0,9.0,5.0,8.0,112.0,27.0,,,,,Y,N,N,N,N,N,N,<1 DAY,Y,N,N,Y,N,N,Y,N,N,N,N,N,N,<1 DAY,Y,N,N,Y,N,N,Y,5.0,19.0,Y,1.0,8.0,0.0,14.0,0.0,0.0,N,N,N,N,Y,Y,Y,Y,Y,Y,Y,Y,Y,Y,Y,Y,N,,,,,1185.2,296.3,25.0,Clinton,N,N,POINT (-89.519924 38.607462),2020-11-13,50,8,0.16,1,1
9,2020-11-01,145729,CARLYLE HEALTHCARE CENTER,501 CLINTON STREET,CARLYLE,IL,62231,Y,Y,0.0,15.0,1.0,64.0,0.0,4.0,1.0,33.0,0.0,13.0,109.0,63.0,,,,,Y,N,N,N,N,N,N,1-2 DAYS,Y,N,N,N,Y,N,Y,N,N,N,N,N,N,1-2 DAYS,Y,N,N,N,Y,N,Y,0.0,9.0,Y,5.0,47.0,0.0,5.0,0.0,1.0,Y,Y,Y,Y,Y,Y,Y,Y,Y,Y,Y,Y,Y,Y,Y,Y,N,,,,,1015.9,206.3,20.3,Clinton,N,N,POINT (-89.364004 38.614179),2020-11-13,85,15,0.17647058823529413,1,1
10,2020-11-01,145729,CARLYLE HEALTHCARE CENTER,501 CLINTON STREET,CARLYLE,IL,62231,Y,Y,0.0,15.0,1.0,64.0,0.0,4.0,1.0,33.0,0.0,13.0,109.0,63.0,,,,,Y,N,N,N,N,N,N,1-2 DAYS,Y,N,N,N,Y,N,Y,N,N,N,N,N,N,1-2 DAYS,Y,N,N,N,Y,N,Y,0.0,9.0,Y,5.0,47.0,0.0,5.0,0.0,1.0,Y,Y,Y,Y,Y,Y,Y,Y,Y,Y,Y,Y,Y,Y,Y,Y,N,,,,,1015.9,206.3,20.3,Clinton,N,N,POINT (-89.364004 38.614179),2020-11-13,29,1,0.03448275862068965,1,1
11,2020-11-01,146025,CLINTON MANOR LIVING CENTER,111 EAST ILLINOIS STREET,NEW BADEN,IL,62265,Y,Y,0.0,1.0,2.0,14.0,0.0,12.0,1.0,2.0,0.0,0.0,33.0,22.0,,,,,Y,N,N,N,N,N,N,<1 DAY,Y,N,N,Y,Y,N,Y,N,N,N,N,N,N,1-2 DAYS,Y,N,N,Y,Y,N,Y,10.0,1.0,Y,2.0,6.0,0.0,17.0,0.0,0.0,N,N,Y,N,Y,Y,Y,Y,Y,Y,Y,Y,Y,Y,Y,Y,N,,,,,636.4,0.0,0.0,Clinton,N,N,POINT (-89.692394 38.534113),2020-11-13,6,0,0.0,1,1
12,2020-11-01,145724,ADDOLORATA VILLA,555 MCHENRY ROAD,WHEELING,IL,60090,Y,Y,0.0,6.0,0.0,63.0,0.0,10.0,0.0,49.0,0.0,21.0,149.0,64.0,,,,,Y,N,N,N,N,N,N,1-2 DAYS,Y,N,N,N,N,Y,Y,N,N,N,N,N,N,1-2 DAYS,Y,N,N,N,Y,N,Y,0.0,0.0,Y,0.0,45.0,0.0,8.0,0.0,0.0,N,N,N,N,Y,Y,Y,Y,Y,Y,Y,Y,Y,Y,Y,Y,N,,,,,984.4,328.1,33.3,Cook,N,N,POINT (-87.94044 42.145592),2020-11-13,106,20,0.18867924528301888,2,1
13,2020-11-01,145557,ALDEN ESTATES OF BARRINGTON,1420 SOUTH BARRINGTON ROAD,BARRINGTON,IL,60010,Y,Y,0.0,0.0,0.0,13.0,0.0,4.0,0.0,0.0,0.0,0.0,150.0,119.0,,,,,Y,N,N,N,N,N,N,1-2 DAYS,Y,N,N,N,Y,N,Y,N,N,N,N,N,N,1-2 DAYS,Y,N,N,N,Y,N,Y,0.0,0.0,Y,0.0,11.0,0.0,4.0,0.0,0.0,N,N,N,N,Y,Y,Y,Y,Y,Y,Y,Y,Y,Y,Y,Y,Y,27.0,0.0,Y,Y,109.2,0.0,0.0,Cook,N,N,POINT (-88.13619 42.133069),2020-11-13,32,0,0.0,2,1
14,2020-11-01,145907,ALDEN ESTATES OF EVANSTON,2520 GROSS POINT ROAD,EVANSTON,IL,60201,Y,Y,0.0,0.0,2.0,8.0,3.0,5.0,0.0,1.0,0.0,1.0,99.0,42.0,,,,,Y,N,N,N,N,N,N,3-7 DAYS,Y,Y,N,Y,Y,N,Y,N,N,N,N,N,N,3-7 DAYS,Y,N,N,Y,Y,N,Y,0.0,0.0,Y,5.0,13.0,0.0,1.0,0.0,0.0,N,N,N,N,Y,Y,Y,Y,Y,Y,Y,Y,Y,Y,Y,Y,N,,,,,190.5,23.8,12.5,Cook,N,N,POINT (-87.729802 42.063135),2020-11-13,18,2,0.1111111111111111,1,1
15,2020-11-01,145888,ALDEN ESTATES OF NORTHMOOR,5831 NORTH NORTHWEST HIGHWAY,CHICAGO,IL,60631,Y,Y,0.0,11.0,0.0,37.0,0.0,27.0,2.0,13.0,0.0,9.0,198.0,153.0,,,,,Y,N,N,N,N,N,N,1-2 DAYS,Y,N,N,N,Y,N,Y,N,N,N,N,N,N,3-7 DAYS,Y,N,N,N,Y,N,Y,0.0,0.0,Y,1.0,30.0,0.0,3.0,0.0,0.0,N,N,N,N,Y,Y,Y,Y,Y,Y,Y,Y,Y,Y,Y,Y,N,,,,,241.8,58.8,24.3,Cook,N,N,POINT (-87.790295 41.987361),2020-11-13,98,19,0.19387755102040816,1,1
16,2020-11-01,145963,ALDEN ESTATES OF ORLAND PARK,16450 SOUTH 97TH AVENUE,ORLAND PARK,IL,60462,Y,Y,0.0,7.0,0.0,8.0,0.0,3.0,1.0,26.0,0.0,6.0,200.0,111.0,,,,,Y,N,N,N,N,N,N,1-2 DAYS,Y,N,N,N,N,Y,Y,N,N,N,N,N,N,1-2 DAYS,Y,N,N,N,Y,N,Y,0.0,0.0,Y,0.0,6.0,0.0,9.0,0.0,0.0,N,N,N,N,Y,Y,Y,Y,Y,Y,Y,Y,Y,Y,Y,Y,Y,12.0,0.0,Y,Y,72.1,54.1,75.0,Cook,N,N,POINT (-87.854779 41.590979),2020-11-13,44,13,0.2954545454545455,1,1
17,2020-11-01,145869,ALDEN ESTATES OF SKOKIE,4626 OLD ORCHARD ROAD,SKOKIE,IL,60076,Y,Y,0.0,0.0,0.0,1.0,0.0,12.0,0.0,0.0,0.0,0.0,56.0,19.0,,,,,Y,N,N,N,N,N,N,1-2 DAYS,Y,N,N,N,Y,N,Y,N,N,N,N,N,N,<1 DAY,Y,N,N,N,Y,N,Y,0.0,43.0,Y,2.0,6.0,0.0,7.0,0.0,0.0,N,N,N,N,Y,Y,Y,Y,Y,Y,Y,Y,Y,Y,Y,Y,N,,,,,52.6,0.0,0.0,Cook,N,N,POINT (-87.743036 42.062465),2020-11-13,6,0,0.0,1,1
18,2020-11-01,145869,ALDEN ESTATES OF SKOKIE,4626 OLD ORCHARD ROAD,SKOKIE,IL,60076,Y,Y,0.0,0.0,0.0,1.0,0.0,12.0,0.0,0.0,0.0,0.0,56.0,19.0,,,,,Y,N,N,N,N,N,N,1-2 DAYS,Y,N,N,N,Y,N,Y,N,N,N,N,N,N,<1 DAY,Y,N,N,N,Y,N,Y,0.0,43.0,Y,2.0,6.0,0.0,7.0,0.0,0.0,N,N,N,N,Y,Y,Y,Y,Y,Y,Y,Y,Y,Y,Y,Y,N,,,,,52.6,0.0,0.0,Cook,N,N,POINT (-87.743036 42.062465),2020-11-13,3,0,0.0,1,1
19,2020-11-01,14A057,ALL AMERICAN NURSING HOME,5448 NORTH BROADWAY STREET,CHICAGO,IL,60640,Y,Y,0.0,4.0,0.0,20.0,0.0,0.0,0.0,4.0,0.0,4.0,144.0,131.0,,,,,Y,N,N,N,N,N,N,1-2 DAYS,N,N,N,N,N,N,Y,N,N,N,N,N,N,1-2 DAYS,Y,N,N,N,Y,N,N,,,,0.0,26.0,0.0,0.0,0.0,0.0,N,N,N,N,Y,Y,Y,Y,Y,Y,Y,Y,Y,Y,Y,Y,N,,,,,152.7,30.5,20.0,Cook,N,N,POINT (-87.66004100000002 41.98083),2020-11-13,50,4,0.08,1,1
20,2020-11-01,145913,APERION CARE BURBANK,5701 WEST 79TH STREET,BURBANK,IL,60459,N,,0.0,48.0,0.0,3.0,0.0,0.0,0.0,26.0,0.0,2.0,56.0,51.0,,,,,,,,,,,,,,,,,,,,,,,,,,,,,,,,,,,,,0.0,48.0,0.0,0.0,0.0,0.0,,,,,,,,,,,,,,,,,,,,,,58.8,39.2,66.7,Cook,,,POINT (-87.763826 41.748753),2020-11-13,9,1,0.1111111111111111,2,1
21,2020-11-01,145180,APERION CARE CHICAGO HEIGHTS,490 WEST 16TH PLACE,CHICAGO HEIGHTS,IL,60411,Y,Y,0.0,7.0,0.0,15.0,0.0,36.0,0.0,1.0,0.0,1.0,200.0,191.0,,,,,Y,N,N,N,N,N,N,3-7 DAYS,Y,N,N,N,Y,N,Y,N,N,N,N,N,N,3-7 DAYS,Y,N,N,N,Y,N,Y,0.0,0.0,Y,1.0,22.0,0.0,28.0,0.0,0.0,N,N,N,N,Y,Y,Y,Y,Y,Y,Y,Y,Y,Y,Y,Y,N,,,,,78.5,5.2,6.7,Cook,N,N,POINT (-87.66181 41.501315),2020-11-13,29,1,0.03448275862068965,1,1
22,2020-11-01,145877,APERION CARE DOLTON,14325 SOUTH BLACKSTONE,DOLTON,IL,60419,Y,Y,0.0,2.0,0.0,12.0,0.0,1.0,0.0,3.0,0.0,1.0,88.0,80.0,,,,,Y,N,N,N,N,N,N,3-7 DAYS,Y,N,N,N,Y,N,Y,N,N,N,N,N,N,3-7 DAYS,Y,N,N,N,Y,N,Y,0.0,0.0,Y,0.0,6.0,0.0,1.0,0.0,0.0,N,N,N,N,Y,Y,Y,Y,Y,Y,Y,Y,Y,Y,Y,Y,,,,,,150.0,12.5,8.3,Cook,N,N,,2020-11-13,29,6,0.20689655172413796,1,1
23,2020-11-01,146058,APERION CARE EVANSTON,1300 OAK AVENUE,EVANSTON,IL,60201,Y,Y,0.0,3.0,0.0,16.0,0.0,33.0,0.0,2.0,0.0,2.0,57.0,56.0,,,,,Y,N,N,N,N,N,N,1-2 DAYS,Y,N,N,N,Y,N,Y,N,N,N,N,N,N,1-2 DAYS,Y,N,N,N,Y,N,Y,0.0,0.0,Y,0.0,9.0,0.0,0.0,0.0,0.0,N,N,N,N,Y,Y,Y,Y,Y,Y,Y,Y,Y,Y,Y,Y,N,,,,,285.7,35.7,12.5,Cook,N,N,POINT (-87.686957 42.041462),2020-11-13,25,2,0.08,1,1
24,2020-11-01,145969,APERION CARE FOREST PARK,8200 WEST ROOSEVELT ROAD,FOREST PARK,IL,60130,Y,Y,2.0,67.0,0.0,19.0,0.0,11.0,2.0,40.0,1.0,5.0,232.0,196.0,,,,,Y,N,N,N,N,N,N,1-2 DAYS,N,N,N,N,N,N,Y,N,N,N,N,N,N,1-2 DAYS,Y,N,N,N,Y,N,N,,,,0.0,18.0,0.0,3.0,0.0,0.0,N,N,N,N,Y,Y,Y,Y,Y,Y,Y,Y,Y,Y,Y,Y,N,,,,,96.9,25.5,26.3,Cook,N,N,POINT (-87.825647 41.864613),2020-11-13,53,6,0.11320754716981132,2,1
25,2020-11-01,145947,APERION CARE MIDLOTHIAN,3249 WEST 147TH STREET,MIDLOTHIAN,IL,60445,Y,Y,0.0,0.0,1.0,2.0,0.0,0.0,0.0,0.0,0.0,0.0,91.0,88.0,,,,,Y,N,N,N,N,N,N,1-2 DAYS,Y,N,N,Y,N,N,Y,N,N,N,N,N,N,1-2 DAYS,Y,N,N,Y,N,N,Y,4.0,0.0,Y,0.0,7.0,0.0,0.0,0.0,0.0,N,N,N,N,Y,Y,Y,Y,Y,Y,Y,Y,Y,Y,Y,Y,N,,,,,22.7,0.0,0.0,Cook,N,N,,2020-11-13,9,0,0.0,2,1
26,2020-11-01,145197,APERION CARE OAK LAWN,9401 SOUTH RIDGELAND AVENUE,OAK LAWN,IL,60453,Y,Y,0.0,30.0,0.0,2.0,0.0,0.0,0.0,9.0,0.0,8.0,133.0,118.0,,,,,Y,N,N,N,N,N,N,3-7 DAYS,Y,N,N,N,Y,N,Y,N,N,N,N,N,N,3-7 DAYS,Y,N,N,Y,N,N,Y,0.0,0.0,Y,0.0,9.0,0.0,0.0,0.0,0.0,N,N,N,N,Y,Y,Y,Y,Y,Y,Y,Y,Y,Y,Y,Y,N,,,,,16.9,67.8,400.0,Cook,N,N,POINT (-87.779931 41.720933),2020-11-13,103,22,0.21359223300970875,1,1
27,2020-11-01,145658,APERION CARE PLUM GROVE,24 SOUTH PLUM GROVE ROAD,PALATINE,IL,60067,Y,Y,0.0,1.0,0.0,38.0,0.0,8.0,0.0,12.0,0.0,6.0,67.0,55.0,,,,,Y,N,N,N,N,N,N,1-2 DAYS,Y,N,N,N,Y,N,Y,N,N,N,N,N,N,1-2 DAYS,Y,N,N,N,Y,N,N,,,,0.0,19.0,0.0,11.0,0.0,0.0,N,N,N,N,Y,Y,Y,Y,Y,Y,Y,Y,Y,Y,Y,Y,N,,,,,690.9,109.1,15.8,Cook,N,N,POINT (-88.04377 42.109716),2020-11-13,58,19,0.3275862068965517,1,1
28,2020-11-01,145832,APERION CARE WEST RIDGE,6450 NORTH RIDGE BLVD,CHICAGO,IL,60626,Y,Y,0.0,11.0,0.0,31.0,0.0,0.0,0.0,15.0,0.0,9.0,136.0,110.0,,,,,Y,N,N,N,N,N,N,1-2 DAYS,N,N,N,N,N,N,Y,N,N,N,N,N,N,1-2 DAYS,Y,N,N,Y,N,N,Y,0.0,0.0,Y,0.0,10.0,0.0,2.0,0.0,0.0,N,N,N,N,Y,Y,Y,Y,Y,Y,Y,Y,Y,Y,Y,Y,N,,,,,281.8,81.8,29.0,Cook,N,N,POINT (-87.677476 41.999346),2020-11-13,43,14,0.32558139534883723,2,1
29,2020-11-01,146169,ARBOUR HEALTH CARE CENTER,1512 WEST FARGO,CHICAGO,IL,60626,Y,Y,0.0,9.0,0.0,31.0,0.0,0.0,0.0,4.0,0.0,2.0,99.0,88.0,,,,,Y,N,N,N,N,N,N,1-2 DAYS,N,N,N,N,N,N,Y,N,N,N,N,N,N,1-2 DAYS,Y,N,N,N,Y,N,Y,0.0,0.0,Y,0.0,23.0,0.0,4.0,0.0,0.0,N,N,N,N,Y,Y,Y,Y,Y,Y,Y,Y,Y,Y,Y,Y,,,,,,352.3,22.7,6.5,Cook,N,N,POINT (-87.668745 42.017131),2020-11-13,60,3,0.05,2,1
30,2020-11-01,145479,ATRIUM HEALTH CARE CENTER,1425 WEST ESTES AVENUE,CHICAGO,IL,60626,Y,Y,0.0,19.0,0.0,9.0,0.0,13.0,0.0,15.0,0.0,20.0,160.0,140.0,,,,,Y,N,N,N,N,N,N,1-2 DAYS,Y,N,N,N,Y,N,Y,N,N,N,N,N,N,1-2 DAYS,Y,N,N,N,Y,N,N,,,,0.0,16.0,0.0,16.0,0.0,0.0,N,N,N,N,Y,Y,Y,Y,Y,Y,Y,Y,Y,Y,Y,Y,N,,,,,64.3,142.9,222.2,Cook,N,N,POINT (-87.66708 42.011553),2020-11-13,99,10,0.101010101010101,1,1
31,2020-11-01,145734,AVANTARA EVERGREEN PARK,10124 SOUTH KEDZIE,EVERGREEN PARK,IL,60805,Y,Y,0.0,47.0,0.0,70.0,2.0,64.0,0.0,27.0,0.0,17.0,184.0,124.0,,,,,Y,N,N,N,N,N,N,1-2 DAYS,Y,Y,N,N,Y,N,Y,N,N,N,N,N,N,1-2 DAYS,Y,Y,N,N,Y,N,Y,0.0,0.0,Y,1.0,42.0,4.0,35.0,0.0,0.0,N,N,N,N,Y,Y,Y,Y,Y,Y,Y,Y,Y,Y,Y,Y,N,,,,,564.5,137.1,24.3,Cook,N,N,POINT (-87.701451 41.708909),2020-11-13,98,22,0.22448979591836732,2,1
32,2020-11-01,145667,AVANTARA PARK RIDGE,1601 NORTH WESTERN AVENUE,PARK RIDGE,IL,60068,Y,Y,0.0,6.0,0.0,3.0,0.0,1.0,2.0,16.0,0.0,0.0,154.0,126.0,,,,,Y,N,N,N,N,N,N,1-2 DAYS,Y,N,N,Y,Y,N,Y,N,N,N,N,N,N,1-2 DAYS,Y,N,N,Y,Y,N,Y,0.0,0.0,Y,3.0,20.0,0.0,0.0,0.0,0.0,N,N,N,N,Y,Y,Y,Y,Y,Y,Y,Y,Y,Y,Y,Y,N,,,,,23.8,0.0,0.0,Cook,N,N,POINT (-87.845452 42.036824),2020-11-13,11,2,0.18181818181818185,2,1
33,2020-11-01,145796,BALMORAL HOME,2055 WEST BALMORAL AVENUE,CHICAGO,IL,60625,N,,0.0,3.0,0.0,12.0,0.0,3.0,0.0,0.0,0.0,0.0,213.0,162.0,,,,,,,,,,,,,,,,,,,,,,,,,,,,,,,,,,,,,0.0,6.0,0.0,1.0,0.0,0.0,,,,,,,,,,,,,,,,,,,,,,74.1,0.0,0.0,Cook,,,POINT (-87.681201 41.979647),2020-11-13,26,0,0.0,1,1
34,2020-11-01,145198,BELLA TERRA MORTON GROVE,8425 WAUKEGAN ROAD,MORTON GROVE,IL,60053,Y,Y,0.0,17.0,0.0,63.0,0.0,1.0,0.0,18.0,0.0,12.0,171.0,128.0,,,,,Y,N,N,N,N,N,N,3-7 DAYS,Y,N,N,N,Y,N,Y,N,N,N,N,N,N,3-7 DAYS,Y,N,N,N,Y,N,N,,,,0.0,34.0,0.0,3.0,0.0,0.0,N,N,N,N,Y,Y,Y,Y,Y,Y,Y,Y,Y,Y,Y,Y,N,,,,,492.2,93.8,19.0,Cook,N,N,POINT (-87.800359 42.034526),2020-11-13,74,11,0.14864864864864866,1,1
35,2020-11-01,145701,BELLA TERRA STREAMWOOD,815 EAST IRVING PARK ROAD,STREAMWOOD,IL,60107,Y,Y,8.0,46.0,1.0,15.0,2.0,84.0,0.0,7.0,0.0,2.0,214.0,126.0,,,,,Y,N,N,N,N,N,N,1-2 DAYS,Y,Y,Y,Y,Y,N,Y,N,N,N,N,N,N,3-7 DAYS,Y,Y,Y,Y,Y,N,Y,0.0,0.0,Y,2.0,16.0,14.0,74.0,0.0,0.0,N,N,N,N,Y,Y,Y,Y,Y,Y,Y,Y,Y,Y,Y,Y,N,,,,,119.0,15.9,13.3,Cook,N,N,POINT (-88.162616 42.009511),2020-11-13,23,3,0.13043478260869565,1,1
36,2020-11-01,145835,BELLA TERRA WHEELING,730 WEST HINTZ ROAD,WHEELING,IL,60090,Y,Y,0.0,15.0,0.0,77.0,0.0,79.0,0.0,53.0,0.0,19.0,215.0,149.0,,,,,Y,N,N,N,N,N,N,1-2 DAYS,Y,N,N,N,Y,N,Y,N,N,N,N,N,N,1-2 DAYS,Y,N,N,Y,Y,N,Y,0.0,0.0,Y,1.0,43.0,0.0,9.0,0.0,0.0,N,N,N,N,Y,Y,Y,Y,Y,Y,Y,Y,Y,Y,Y,Y,N,,,,,516.8,127.5,24.7,Cook,N,N,POINT (-87.935262 42.12431),2020-11-13,88,19,0.2159090909090909,1,1
37,2020-11-01,145532,BIRCHWOOD PLAZA,1426 WEST BIRCHWOOD,CHICAGO,IL,60626,Y,Y,0.0,21.0,0.0,51.0,0.0,7.0,1.0,23.0,0.0,12.0,200.0,96.0,,,,,Y,N,N,N,N,N,N,1-2 DAYS,Y,N,N,N,Y,N,Y,N,N,N,N,N,N,1-2 DAYS,Y,N,Y,N,Y,N,Y,0.0,2.0,Y,0.0,15.0,0.0,13.0,0.0,0.0,N,N,N,N,Y,Y,Y,Y,Y,Y,Y,Y,Y,Y,Y,Y,N,,,,,531.3,125.0,23.5,Cook,N,N,POINT (-87.666745 42.018205),2020-11-13,4,0,0.0,1,1
38,2020-11-01,145898,BRIA OF CHICAGO HEIGHTS,120 WEST 26TH STREET,SOUTH CHICAGO HEIGHT,IL,60411,Y,Y,0.0,0.0,2.0,7.0,0.0,0.0,0.0,0.0,0.0,0.0,,74.0,,,,,Y,N,N,N,N,N,N,1-2 DAYS,Y,N,N,N,Y,N,Y,N,N,N,N,N,N,1-2 DAYS,Y,N,N,N,Y,N,Y,0.0,0.0,Y,2.0,12.0,0.0,0.0,0.0,0.0,N,N,N,N,Y,Y,Y,Y,Y,Y,Y,Y,Y,Y,Y,Y,N,,,,,94.6,0.0,0.0,Cook,N,N,POINT (-87.640575 41.4915),2020-11-13,41,1,0.024390243902439025,1,1
39,2020-11-01,145650,BRIA OF PALOS HILLS,10426 SOUTH ROBERTS,PALOS HILLS,IL,60465,Y,Y,1.0,88.0,0.0,52.0,0.0,3.0,0.0,32.0,0.0,10.0,,128.0,,,,,Y,N,N,N,N,N,N,1-2 DAYS,Y,N,N,N,Y,N,Y,N,N,N,N,N,N,1-2 DAYS,Y,N,N,N,Y,N,Y,16.0,1.0,N,1.0,35.0,0.0,5.0,0.0,0.0,N,N,N,N,Y,Y,Y,Y,Y,Y,Y,Y,Y,Y,Y,Y,N,,,,,406.3,78.1,19.2,Cook,N,N,POINT (-87.817226 41.701568),2020-11-13,102,18,0.17647058823529413,1,1
40,2020-11-01,145208,BRIDGEVIEW HEALTH CARE CENTER,8100 SOUTH HARLEM AVENUE,BRIDGEVIEW,IL,60455,N,,0.0,27.0,0.0,67.0,0.0,30.0,0.0,33.0,0.0,17.0,146.0,101.0,,,,,,,,,,,,,,,,,,,,,,,,,,,,,,,,,,,,,0.0,50.0,0.0,10.0,0.0,1.0,,,,,,,,,,,,,,,,,,,,,,663.4,168.3,25.4,Cook,,,POINT (-87.799564 41.743905),2020-11-13,12,2,0.16666666666666666,1,1
41,2020-11-01,145852,BROOKDALE PROSPECT HEIGHTS,700 EAST EUCLID AVENUE,PROSPECT HEIGHTS,IL,60070,Y,Y,0.0,0.0,0.0,1.0,0.0,0.0,0.0,0.0,0.0,0.0,30.0,23.0,,,,,Y,N,N,N,N,N,N,3-7 DAYS,Y,N,N,Y,N,N,Y,N,N,N,N,N,N,3-7 DAYS,Y,N,N,Y,N,N,Y,0.0,3.0,Y,1.0,5.0,0.0,0.0,0.0,0.0,N,N,N,N,Y,Y,Y,Y,Y,Y,Y,Y,Y,Y,Y,Y,N,,,,,43.5,0.0,0.0,Cook,N,N,POINT (-87.918983 42.087858),2020-11-13,11,1,0.09090909090909093,2,1
42,2020-11-01,145285,BUCKINGHAM PAVILION,2625 WEST TOUHY AVENUE,CHICAGO,IL,60645,Y,Y,0.0,7.0,1.0,45.0,0.0,12.0,0.0,20.0,0.0,15.0,235.0,64.0,,,,,Y,N,N,N,N,N,N,<1 DAY,Y,N,Y,Y,Y,N,Y,N,N,N,N,N,N,<1 DAY,Y,Y,Y,Y,Y,N,Y,44.0,11.0,Y,1.0,32.0,0.0,2.0,0.0,0.0,N,N,N,N,Y,Y,Y,Y,Y,Y,Y,Y,Y,Y,Y,Y,N,,,,,703.1,234.4,33.3,Cook,N,N,POINT (-87.696849 42.012167),2020-11-13,78,13,0.16666666666666666,2,1
43,2020-11-01,145853,CENTRAL BAPTIST VILLAGE,4747 NORTH CANFIELD AVENUE,NORRIDGE,IL,60656,Y,Y,0.0,0.0,0.0,2.0,0.0,1.0,0.0,29.0,0.0,0.0,120.0,102.0,,,,,Y,N,N,N,N,N,N,1-2 DAYS,Y,N,N,Y,N,N,Y,N,N,N,N,N,N,1-2 DAYS,Y,N,N,N,Y,N,Y,0.0,0.0,Y,0.0,14.0,0.0,10.0,0.0,1.0,N,N,N,N,Y,Y,Y,Y,Y,Y,Y,Y,Y,Y,Y,Y,N,,,,,19.6,0.0,0.0,Cook,N,N,,2020-11-13,16,1,0.0625,2,1
44,2020-11-01,145648,CENTRAL NURSING HOME,2450 NORTH CENTRAL AVENUE,CHICAGO,IL,60639,N,,0.0,18.0,0.0,10.0,0.0,9.0,0.0,6.0,0.0,4.0,245.0,199.0,,,,,,,,,,,,,,,,,,,,,,,,,,,,,,,,,,,,,0.0,4.0,0.0,1.0,0.0,0.0,,,,,,,,,,,,,,,,,,,,,,50.3,20.1,40.0,Cook,,,POINT (-87.766044 41.925456),2020-11-13,102,17,0.16666666666666666,2,1
45,2020-11-01,145507,CLARK MANOR,7433 NORTH CLARK STREET,CHICAGO,IL,60626,Y,Y,0.0,10.0,0.0,132.0,0.0,2.0,0.0,9.0,0.0,14.0,267.0,245.0,,,,,Y,N,N,N,N,N,N,1-2 DAYS,Y,N,N,N,Y,N,Y,N,N,N,N,N,N,1-2 DAYS,Y,N,N,Y,Y,N,Y,0.0,0.0,Y,1.0,36.0,0.0,0.0,0.0,0.0,Y,Y,Y,Y,Y,N,Y,N,Y,N,Y,N,Y,N,Y,N,N,,,,,538.8,57.1,10.6,Cook,N,N,POINT (-87.675369 42.016798),2020-11-13,124,15,0.12096774193548387,1,1
46,2020-11-01,14E177,CRESTWOOD TERRACE,13301 SOUTH CENTRAL AVENUE,CRESTWOOD,IL,60445,Y,Y,0.0,0.0,0.0,6.0,0.0,0.0,0.0,0.0,0.0,0.0,126.0,99.0,,,,,Y,N,N,N,N,N,N,1-2 DAYS,Y,N,N,Y,N,N,Y,N,N,N,N,N,N,1-2 DAYS,N,N,N,N,N,N,Y,0.0,0.0,Y,1.0,4.0,0.0,0.0,0.0,0.0,N,N,N,N,Y,Y,Y,Y,Y,Y,Y,Y,Y,Y,Y,Y,,,,,,60.6,0.0,0.0,Cook,N,N,POINT (-87.757704 41.650008),2020-11-13,3,0,0.0,1,1
47,2020-11-01,145122,DOBSON PLAZA,120 DODGE AVENUE,EVANSTON,IL,60202,Y,Y,0.0,16.0,0.0,51.0,0.0,46.0,0.0,26.0,0.0,18.0,97.0,59.0,,,,,Y,N,N,N,N,N,N,1-2 DAYS,Y,N,N,N,Y,N,Y,N,N,N,N,N,N,1-2 DAYS,Y,N,N,N,Y,N,N,,,,0.0,9.0,0.0,4.0,0.0,0.0,N,N,N,N,Y,Y,Y,Y,Y,Y,Y,Y,Y,Y,Y,Y,N,,,,,864.4,305.1,35.3,Cook,N,N,POINT (-87.699593 42.019957),2020-11-13,77,21,0.2727272727272727,1,1
48,2020-11-01,145484,ELEVATE CARE CHICAGO NORTH,2451 WEST TOUHY AVENUE,CHICAGO,IL,60645,Y,Y,0.0,53.0,0.0,4.0,0.0,0.0,0.0,5.0,0.0,4.0,312.0,198.0,,,,,Y,N,N,N,N,N,N,3-7 DAYS,N,N,N,N,N,N,Y,N,N,N,N,N,N,3-7 DAYS,N,N,N,N,N,N,Y,0.0,0.0,Y,0.0,9.0,0.0,0.0,0.0,0.0,N,N,N,N,Y,Y,Y,Y,Y,Y,Y,Y,Y,Y,Y,Y,Y,6.0,0.0,Y,Y,20.2,20.2,100.0,Cook,N,N,POINT (-87.692427 42.012266),2020-11-13,184,34,0.18478260869565216,2,1
49,2020-11-01,145415,ELEVATE CARE IRVING PARK,4340 NORTH KEYSTONE,CHICAGO,IL,60641,N,,0.0,26.0,0.0,36.0,0.0,3.0,0.0,1.0,0.0,11.0,101.0,70.0,,,,,,,,,,,,,,,,,,,,,,,,,,,,,,,,,,,,,0.0,19.0,0.0,7.0,0.0,0.0,,,,,,,,,,,,,,,,,,,,,,514.3,157.1,30.6,Cook,,,POINT (-87.729397 41.960323),2020-11-13,79,13,0.16455696202531644,2,1
50,2020-11-01,145662,ELEVATE CARE NILES,8333 WEST GOLF ROAD,NILES,IL,60714,Y,Y,1.0,66.0,0.0,14.0,0.0,0.0,0.0,36.0,0.0,41.0,302.0,175.0,,,,,Y,N,N,N,N,N,N,1-2 DAYS,Y,N,N,N,Y,N,Y,N,N,N,N,N,N,1-2 DAYS,Y,N,N,N,Y,N,Y,0.0,0.0,N,1.0,20.0,0.0,1.0,0.0,0.0,N,N,N,N,Y,Y,Y,Y,Y,Y,Y,Y,Y,Y,Y,Y,Y,73.0,0.0,Y,Y,80.0,234.3,292.9,Cook,N,N,POINT (-87.834064 42.054607),2020-11-13,19,5,0.2631578947368421,1,1
51,2020-11-01,145171,ELEVATE CARE NORTHBROOK,270 SKOKIE HIGHWAY,NORTHBROOK,IL,60062,Y,N,0.0,35.0,1.0,74.0,37.0,143.0,0.0,26.0,0.0,20.0,298.0,194.0,,,,,Y,N,N,N,N,N,N,3-7 DAYS,Y,N,Y,Y,Y,N,Y,N,N,N,N,N,N,3-7 DAYS,Y,N,Y,Y,Y,N,N,,,,0.0,57.0,2.0,74.0,0.0,0.0,N,N,Y,N,N,N,Y,Y,Y,Y,Y,N,Y,N,Y,Y,Y,1.0,0.0,Y,Y,381.4,103.1,27.0,Cook,N,N,POINT (-87.798317 42.147767),2020-11-13,84,18,0.21428571428571427,1,1
52,2020-11-01,145867,FAIRMONT CARE,5061 NORTH PULASKI ROAD,CHICAGO,IL,60630,Y,Y,12.0,40.0,1.0,93.0,0.0,57.0,0.0,29.0,0.0,28.0,186.0,136.0,,,,,Y,N,N,N,N,N,N,1-2 DAYS,Y,N,N,N,Y,N,Y,N,N,N,N,N,N,1-2 DAYS,Y,N,N,N,Y,N,Y,3.0,0.0,Y,0.0,55.0,0.0,40.0,0.0,1.0,N,N,N,N,Y,Y,Y,Y,Y,Y,Y,Y,Y,Y,Y,Y,N,,,,,683.8,205.9,30.1,Cook,N,N,POINT (-87.728179 41.973762),2020-11-13,151,32,0.2119205298013245,1,1
53,2020-11-01,146029,FRANCISCAN VILLAGE,1270 FRANCISCAN DRIVE,LEMONT,IL,60439,Y,Y,0.0,0.0,0.0,29.0,0.0,7.0,1.0,31.0,0.0,4.0,113.0,75.0,,,,,Y,N,N,N,N,N,N,1-2 DAYS,Y,N,N,N,Y,N,Y,N,N,N,N,N,N,1-2 DAYS,Y,N,N,N,Y,N,Y,0.0,0.0,Y,4.0,46.0,0.0,2.0,0.0,1.0,N,N,N,N,Y,Y,Y,Y,Y,Y,Y,Y,Y,Y,Y,Y,N,,,,,386.7,53.3,13.8,Cook,N,N,POINT (-87.972621 41.67976),2020-11-13,52,6,0.1153846153846154,2,1
54,2020-11-01,145781,GENERATIONS AT APPLEWOOD,21020 KOSTNER AVENUE,MATTESON,IL,60443,Y,Y,1.0,12.0,1.0,17.0,0.0,3.0,1.0,39.0,0.0,14.0,154.0,95.0,,,,,Y,N,N,N,N,N,N,1-2 DAYS,Y,N,N,Y,Y,N,Y,N,N,N,N,N,N,1-2 DAYS,Y,N,Y,Y,N,N,Y,0.0,3.0,Y,1.0,13.0,0.0,3.0,0.0,0.0,Y,N,N,N,Y,Y,Y,Y,Y,N,Y,Y,Y,Y,Y,Y,N,,,,,178.9,147.4,82.4,Cook,N,N,POINT (-87.72267 41.506587),2020-11-13,83,20,0.24096385542168675,1,1
55,2020-11-01,145419,GENERATIONS AT ELMWOOD PARK,7733 WEST GRAND AVENUE,ELMWOOD PARK,IL,60707,Y,Y,0.0,12.0,0.0,29.0,0.0,5.0,0.0,20.0,0.0,5.0,244.0,142.0,,,,,Y,N,N,N,N,N,N,1-2 DAYS,N,N,N,N,N,N,Y,N,N,N,N,N,N,1-2 DAYS,N,N,N,N,N,N,Y,0.0,0.0,Y,0.0,6.0,0.0,0.0,0.0,0.0,N,N,N,N,Y,Y,Y,Y,Y,Y,Y,Y,Y,Y,Y,Y,Y,13.0,0.0,Y,Y,204.2,35.2,17.2,Cook,N,N,POINT (-87.81992100000001 41.92616000000001),2020-11-13,89,19,0.21348314606741567,1,1
56,2020-11-01,145237,GENERATIONS AT REGENCY,6631 MILWAUKEE AVENUE,NILES,IL,60714,Y,Y,1.0,14.0,0.0,149.0,0.0,218.0,1.0,68.0,0.0,38.0,300.0,180.0,,,,,Y,N,N,N,N,N,N,1-2 DAYS,Y,N,N,N,Y,N,Y,N,N,N,N,N,N,1-2 DAYS,Y,N,N,N,Y,N,Y,0.0,0.0,Y,1.0,66.0,0.0,0.0,0.0,0.0,N,N,N,N,Y,Y,Y,Y,Y,Y,Y,Y,Y,Y,Y,Y,Y,8.0,0.0,Y,Y,827.8,211.1,25.5,Cook,N,N,,2020-11-13,133,33,0.2481203007518797,2,1
57,2020-11-01,145999,GROSSE POINTE MANOR,6601 WEST TOUHY AVENUE,NILES,IL,60714,Y,Y,0.0,16.0,0.0,72.0,0.0,19.0,0.0,28.0,0.0,17.0,99.0,60.0,,,,,Y,N,N,N,N,N,N,3-7 DAYS,Y,N,N,N,Y,N,Y,N,N,N,N,N,N,3-7 DAYS,Y,N,N,N,Y,N,Y,0.0,0.0,Y,0.0,37.0,0.0,4.0,0.0,0.0,N,N,N,N,Y,Y,Y,Y,Y,Y,Y,Y,Y,Y,Y,Y,N,,,,,1200.0,283.3,23.6,Cook,N,N,POINT (-87.792973 42.012012),2020-11-13,118,25,0.21186440677966098,1,1
58,2020-11-01,146053,HOLY FAMILY VILLA,12220 SOUTH WILL COOK ROAD,PALOS PARK,IL,60464,Y,Y,0.0,1.0,0.0,10.0,0.0,17.0,1.0,34.0,0.0,3.0,129.0,91.0,,,,,Y,N,N,N,N,N,N,3-7 DAYS,Y,N,N,N,Y,N,Y,N,N,N,N,N,N,1-2 DAYS,Y,Y,N,N,Y,N,Y,0.0,5.0,Y,1.0,15.0,0.0,6.0,0.0,0.0,N,N,N,N,Y,Y,Y,Y,Y,Y,Y,Y,Y,Y,Y,Y,N,,,,,109.9,33.0,30.0,Cook,N,N,POINT (-87.912747 41.667795),2020-11-13,16,4,0.25,2,1
59,2020-11-01,145700,LEXINGTON OF CHICAGO RIDGE,10300 SOUTHWEST HIGHWAY,CHICAGO RIDGE,IL,60415,Y,Y,0.0,4.0,0.0,10.0,0.0,15.0,3.0,38.0,0.0,1.0,203.0,143.0,,,,,Y,N,N,N,N,N,N,<1 DAY,Y,Y,N,N,N,N,Y,N,N,N,N,N,N,1-2 DAYS,Y,N,N,N,Y,N,Y,0.0,0.0,Y,2.0,18.0,0.0,15.0,0.0,0.0,N,N,N,N,Y,Y,Y,Y,Y,Y,Y,Y,Y,Y,Y,Y,N,,,,,69.9,7.0,10.0,Cook,N,N,POINT (-87.78747200000001 41.704523),2020-11-13,23,12,0.5217391304347826,1,1
60,2020-11-01,145700,LEXINGTON OF CHICAGO RIDGE,10300 SOUTHWEST HIGHWAY,CHICAGO RIDGE,IL,60415,Y,Y,0.0,4.0,0.0,10.0,0.0,15.0,3.0,38.0,0.0,1.0,203.0,143.0,,,,,Y,N,N,N,N,N,N,<1 DAY,Y,Y,N,N,N,N,Y,N,N,N,N,N,N,1-2 DAYS,Y,N,N,N,Y,N,Y,0.0,0.0,Y,2.0,18.0,0.0,15.0,0.0,0.0,N,N,N,N,Y,Y,Y,Y,Y,Y,Y,Y,Y,Y,Y,Y,N,,,,,69.9,7.0,10.0,Cook,N,N,POINT (-87.78747200000001 41.704523),2020-11-13,12,0,0.0,1,1
61,2020-11-01,145786,LINCOLNWOOD PLACE,7000 NORTH MCCORMICK BLVD.,LINCOLNWOOD,IL,60645,Y,Y,0.0,13.0,0.0,20.0,0.0,2.0,1.0,20.0,0.0,11.0,40.0,20.0,,,,,Y,N,N,N,N,N,N,1-2 DAYS,Y,N,N,N,Y,N,Y,N,N,N,N,N,N,1-2 DAYS,Y,N,N,Y,Y,N,Y,0.0,0.0,Y,0.0,32.0,0.0,0.0,0.0,0.0,N,N,N,N,Y,Y,Y,Y,Y,Y,Y,Y,Y,Y,Y,Y,N,,,,,1000.0,550.0,55.0,Cook,N,N,POINT (-87.711649 42.007847),2020-11-13,46,15,0.32608695652173914,1,1
62,2020-11-01,145199,MANORCARE OF ARLINGTON HEIGHTS,715 WEST CENTRAL ROAD,ARLINGTON HTS,IL,60005,Y,Y,3.0,65.0,2.0,26.0,0.0,0.0,2.0,19.0,0.0,3.0,151.0,77.0,,,,,Y,N,N,N,N,N,N,3-7 DAYS,Y,Y,N,N,Y,N,Y,N,N,N,N,N,N,3-7 DAYS,Y,Y,N,N,Y,N,Y,3.0,5.0,Y,2.0,23.0,0.0,1.0,0.0,0.0,N,N,N,N,Y,Y,Y,Y,Y,Y,Y,Y,Y,Y,Y,Y,N,,,,,337.7,39.0,11.5,Cook,N,N,POINT (-87.99177 42.066492000000004),2020-11-13,2,0,0.0,1,1
63,2020-11-01,146174,MERCY CIRCLE,3659 WEST 99TH STREET,CHICAGO,IL,60655,Y,Y,0.0,0.0,0.0,8.0,0.0,18.0,0.0,7.0,0.0,3.0,23.0,21.0,,,,,Y,N,N,N,N,N,N,1-2 DAYS,Y,N,N,N,Y,N,Y,N,N,N,N,N,N,1-2 DAYS,Y,N,N,N,Y,N,Y,0.0,0.0,Y,0.0,14.0,0.0,20.0,0.0,0.0,N,N,N,N,Y,N,Y,Y,Y,Y,Y,N,Y,Y,Y,Y,N,,,,,381.0,142.9,37.5,Cook,N,N,POINT (-87.71394500000001 41.71328),2020-11-13,38,3,0.07894736842105263,2,1
64,2020-11-01,145748,MONTGOMERY PLACE,5550 SOUTH SHORE DRIVE,CHICAGO,IL,60637,Y,Y,0.0,2.0,0.0,8.0,0.0,1.0,0.0,11.0,0.0,2.0,40.0,22.0,,,,,Y,N,N,N,N,N,N,1-2 DAYS,Y,N,N,N,Y,N,Y,N,N,N,N,N,N,1-2 DAYS,Y,N,N,N,Y,N,Y,0.0,0.0,Y,2.0,23.0,0.0,0.0,0.0,0.0,N,N,Y,N,Y,Y,Y,Y,Y,Y,Y,Y,Y,Y,Y,Y,N,,,,,363.6,90.9,25.0,Cook,N,N,POINT (-87.580433 41.79387),2020-11-13,44,4,0.09090909090909093,2,1
65,2020-11-01,145329,NORRIDGE GARDENS,7001 WEST CULLOM,NORRIDGE,IL,60634,Y,Y,0.0,77.0,0.0,2.0,0.0,0.0,0.0,40.0,0.0,16.0,292.0,187.0,,,,,Y,N,N,N,N,N,N,1-2 DAYS,N,N,N,N,N,N,Y,N,N,N,N,N,N,1-2 DAYS,Y,N,N,N,Y,N,Y,0.0,0.0,Y,0.0,15.0,0.0,0.0,0.0,1.0,N,N,N,N,Y,Y,Y,Y,Y,Y,Y,Y,Y,Y,Y,Y,N,,,,,10.7,85.6,800.0,Cook,N,N,,2020-11-13,167,46,0.2754491017964072,1,1
66,2020-11-01,145714,OAK PARK OASIS,625 NORTH HARLEM,OAK PARK,IL,60302,Y,Y,0.0,3.0,1.0,27.0,5.0,37.0,0.0,16.0,0.0,9.0,204.0,86.0,,,,,Y,N,N,N,N,N,N,1-2 DAYS,Y,Y,Y,Y,Y,N,Y,N,N,N,N,N,N,1-2 DAYS,Y,Y,Y,Y,Y,N,Y,6.0,5.0,Y,2.0,9.0,1.0,25.0,0.0,0.0,N,N,N,N,Y,Y,Y,Y,Y,Y,Y,Y,Y,Y,Y,Y,N,,,,,314.0,104.7,33.3,Cook,N,N,POINT (-87.805111 41.892696),2020-11-13,29,11,0.3793103448275862,1,1
67,2020-11-01,145996,OAKRIDGE HEALTHCARE CENTER,323 OAKRIDGE AVENUE,HILLSIDE,IL,60162,Y,Y,0.0,0.0,4.0,4.0,1.0,1.0,0.0,2.0,0.0,0.0,73.0,49.0,,,,,Y,N,N,N,N,N,N,1-2 DAYS,Y,N,N,Y,N,N,Y,N,N,N,N,N,N,1-2 DAYS,Y,N,N,Y,N,N,Y,7.0,54.0,Y,4.0,4.0,0.0,0.0,0.0,0.0,N,N,N,N,Y,Y,Y,Y,Y,Y,Y,Y,Y,Y,Y,Y,N,,,,,81.6,0.0,0.0,Cook,Y,Y,POINT (-87.889922 41.864843),2020-11-13,11,0,0.0,1,1
68,2020-11-01,146180,PRESENCE NAZARETHVILLE,300 NORTH RIVER ROAD,DES PLAINES,IL,60016,Y,Y,0.0,1.0,0.0,17.0,0.0,25.0,0.0,12.0,0.0,12.0,68.0,63.0,,,,,Y,N,N,N,N,N,N,3-7 DAYS,N,N,N,N,N,N,Y,N,N,N,N,N,N,3-7 DAYS,Y,N,N,N,Y,N,N,,,,0.0,16.0,0.0,17.0,0.0,0.0,N,N,N,N,Y,Y,Y,Y,Y,Y,Y,Y,Y,Y,Y,Y,N,,,,,269.8,190.5,70.6,Cook,N,N,POINT (-87.889623 42.058927),2020-11-13,30,6,0.2,2,1
69,2020-11-01,145904,SMITH VILLAGE,2320 WEST 113TH PLACE,CHICAGO,IL,60643,Y,Y,0.0,9.0,0.0,60.0,0.0,5.0,0.0,41.0,0.0,26.0,100.0,44.0,,,,,Y,N,N,N,N,N,N,3-7 DAYS,Y,N,Y,Y,N,N,Y,N,N,N,N,N,N,3-7 DAYS,Y,N,Y,Y,N,N,N,,,,1.0,94.0,0.0,17.0,0.0,0.0,N,N,N,N,Y,Y,Y,Y,Y,Y,Y,Y,Y,Y,Y,Y,N,,,,,1363.6,590.9,43.3,Cook,N,N,POINT (-87.679196 41.687126),2020-11-13,83,14,0.1686746987951807,2,1
70,2020-11-01,146132,SOUTH SUBURBAN REHAB CENTER,19000 SOUTH HALSTED,HOMEWOOD,IL,60430,Y,Y,0.0,51.0,0.0,64.0,0.0,38.0,1.0,40.0,0.0,18.0,259.0,154.0,,,,,Y,N,N,N,N,N,N,3-7 DAYS,Y,N,N,Y,N,N,Y,N,N,N,N,N,N,3-7 DAYS,Y,N,N,Y,N,N,Y,0.0,11.0,Y,0.0,24.0,0.0,0.0,0.0,0.0,Y,N,Y,N,Y,Y,Y,Y,Y,Y,Y,Y,Y,Y,Y,Y,N,,,,,415.6,116.9,28.1,Cook,N,N,POINT (-87.636052 41.54336),2020-11-13,81,20,0.2469135802469136,1,1
71,2020-11-01,146161,SOUTHVIEW MANOR,3311 S. MICHIGAN AVE.,CHICAGO,IL,60616,Y,Y,0.0,17.0,0.0,3.0,0.0,0.0,0.0,0.0,0.0,1.0,200.0,159.0,,,,,Y,N,N,N,N,N,N,3-7 DAYS,Y,N,N,N,Y,N,Y,N,N,N,N,N,N,3-7 DAYS,Y,N,N,N,Y,N,Y,0.0,0.0,Y,0.0,14.0,0.0,0.0,0.0,1.0,N,N,N,N,Y,Y,Y,Y,Y,Y,Y,Y,Y,Y,Y,Y,N,,,,,18.9,6.3,33.3,Cook,N,N,POINT (-87.623323 41.834371),2020-11-13,28,2,0.07142857142857142,2,1
72,2020-11-01,145946,SYMPHONY AT ARIA,4600 NORTH FRONTAGE ROAD,HILLSIDE,IL,60162,Y,Y,0.0,15.0,0.0,11.0,0.0,0.0,1.0,28.0,0.0,8.0,198.0,127.0,,,,,Y,N,N,N,N,N,N,1-2 DAYS,Y,N,N,N,Y,N,Y,N,N,N,N,N,N,1-2 DAYS,Y,N,N,N,Y,N,Y,0.0,2.0,Y,5.0,29.0,0.0,2.0,0.0,2.0,N,N,N,N,Y,Y,Y,Y,Y,Y,Y,Y,Y,Y,Y,Y,N,,,,,86.6,63.0,72.7,Cook,N,N,,2020-11-13,31,7,0.2258064516129032,1,1
73,2020-11-01,145995,SYMPHONY AT MIDWAY,4437 SOUTH CICERO,CHICAGO,IL,60632,N,,,,,,,,,,,,,,,,,,,,,,,,,,,,,,,,,,,,,,,,,,,,,,,,,,,,,,,,,,,,,,,,,,,,,,,,,,,,,,,,Cook,,,POINT (-87.743158 41.811916),2020-11-13,220,27,0.12272727272727273,2,1
74,2020-11-01,145337,SYMPHONY OF BRONZEVILLE,3400 SOUTH INDIANA,CHICAGO,IL,60616,Y,Y,0.0,8.0,0.0,4.0,0.0,4.0,0.0,8.0,0.0,2.0,302.0,247.0,,,,,Y,N,N,N,N,N,N,3-7 DAYS,N,N,N,N,N,N,Y,N,N,N,N,N,N,3-7 DAYS,N,N,N,N,N,N,Y,0.0,0.0,Y,0.0,7.0,0.0,6.0,0.0,0.0,N,N,N,N,Y,Y,Y,Y,Y,Y,Y,Y,Y,Y,Y,Y,N,,,,,16.2,8.1,50.0,Cook,N,N,POINT (-87.621794 41.832778),2020-11-13,64,17,0.265625,1,1
75,2020-11-01,145661,SYMPHONY OF CHICAGO WEST,5130 WEST JACKSON BOULEVARD,CHICAGO,IL,60644,Y,Y,0.0,8.0,0.0,18.0,0.0,1.0,0.0,9.0,0.0,2.0,234.0,223.0,,,,,Y,N,N,N,N,N,N,>7 DAYS,Y,N,N,N,Y,N,Y,N,N,N,N,N,N,3-7 DAYS,Y,N,N,N,Y,N,Y,0.0,0.0,Y,2.0,13.0,0.0,6.0,0.0,0.0,N,N,N,N,Y,Y,Y,Y,Y,Y,Y,Y,Y,Y,Y,Y,,,,,,80.7,9.0,11.1,Cook,N,N,POINT (-87.75404 41.876683),2020-11-13,62,7,0.1129032258064516,2,1
76,2020-11-01,145718,SYMPHONY OF CRESTWOOD,14255 SOUTH CICERO AVENUE,CRESTWOOD,IL,60445,Y,Y,6.0,30.0,0.0,20.0,0.0,33.0,0.0,25.0,0.0,11.0,303.0,166.0,,,,,Y,N,N,N,N,N,N,3-7 DAYS,Y,Y,Y,N,Y,N,Y,N,N,N,N,N,N,3-7 DAYS,Y,Y,Y,N,Y,N,Y,0.0,0.0,Y,0.0,11.0,0.0,4.0,0.0,0.0,Y,N,Y,N,Y,Y,Y,Y,Y,Y,Y,Y,Y,Y,Y,Y,N,,,,,120.5,66.3,55.0,Cook,N,N,,2020-11-13,49,8,0.16326530612244894,1,1
77,2020-11-01,146143,SYMPHONY OF HANOVER PARK,2000 WEST LAKE STREET,HANOVER PARK,IL,60133,Y,Y,0.0,3.0,2.0,9.0,2.0,12.0,3.0,21.0,0.0,1.0,110.0,79.0,,,,,Y,N,N,N,N,N,N,1-2 DAYS,Y,Y,Y,N,N,N,Y,N,N,N,N,N,N,1-2 DAYS,Y,Y,Y,N,N,N,Y,0.0,2.0,Y,4.0,19.0,2.0,30.0,0.0,0.0,N,N,N,N,Y,Y,Y,Y,Y,Y,Y,Y,Y,Y,Y,Y,N,,,,,113.9,12.7,11.1,Cook,N,N,POINT (-88.154176 41.989232),2020-11-13,29,3,0.10344827586206896,1,1
78,2020-11-01,145510,SYMPHONY OF LINCOLN PARK,1366 WEST FULLERTON AVENUE,CHICAGO,IL,60614,Y,Y,0.0,36.0,5.0,126.0,0.0,20.0,1.0,41.0,1.0,28.0,248.0,186.0,,,,,Y,N,N,N,N,N,N,1-2 DAYS,Y,N,N,N,Y,N,Y,N,N,N,N,N,N,<1 DAY,Y,N,N,N,Y,N,Y,5.0,1.0,Y,7.0,69.0,0.0,6.0,0.0,0.0,N,N,N,N,Y,Y,Y,Y,Y,Y,Y,Y,Y,Y,Y,Y,N,,,,,677.4,150.5,22.2,Cook,Y,N,POINT (-87.663007 41.925236),2020-11-13,205,31,0.15121951219512195,2,1
79,2020-11-01,145764,SYMPHONY OF MORGAN PARK,10935 SOUTH HALSTED STREET,CHICAGO,IL,60628,N,,0.0,23.0,0.0,24.0,0.0,22.0,0.0,8.0,0.0,21.0,260.0,227.0,,,,,,,,,,,,,,,,,,,,,,,,,,,,,,,,,,,,,0.0,10.0,0.0,3.0,0.0,1.0,,,,,,,,,,,,,,,,,,,,,,105.7,92.5,87.5,Cook,,,POINT (-87.642398 41.695086),2020-11-13,202,26,0.12871287128712872,1,1
80,2020-11-01,145977,SYMPHONY OF SOUTH SHORE,2425 EAST 71ST STREET,CHICAGO,IL,60649,Y,Y,0.0,77.0,0.0,98.0,0.0,73.0,0.0,42.0,0.0,31.0,236.0,172.0,,,,,Y,N,N,N,N,N,N,3-7 DAYS,Y,N,Y,N,Y,N,Y,N,N,N,N,N,N,3-7 DAYS,Y,N,N,N,Y,N,Y,11.0,2.0,Y,2.0,34.0,0.0,28.0,0.0,1.0,N,N,N,N,Y,Y,Y,Y,Y,Y,Y,Y,Y,Y,Y,Y,N,,,,,569.8,180.2,31.6,Cook,N,N,POINT (-87.564738 41.766303),2020-11-13,207,29,0.14009661835748793,2,1
81,2020-11-01,145881,UPTOWN HEALTH CENTER,4920 NORTH KENMORE,CHICAGO,IL,60640,Y,Y,0.0,18.0,0.0,83.0,0.0,0.0,0.0,20.0,0.0,14.0,310.0,190.0,,,,,Y,N,N,N,N,N,N,3-7 DAYS,Y,N,N,N,Y,N,Y,N,N,N,N,N,N,3-7 DAYS,Y,N,N,N,Y,N,N,,,,0.0,29.0,0.0,0.0,0.0,0.0,N,N,N,N,Y,Y,Y,Y,Y,Y,Y,Y,Y,Y,Y,Y,N,,,,,436.8,73.7,16.9,Cook,N,N,POINT (-87.656314 41.971938),2020-11-13,120,18,0.15,1,1
82,2020-11-01,146107,VI AT THE GLEN,2401 INDIGO LANE,GLENVIEW,IL,60026,Y,Y,0.0,6.0,0.0,9.0,0.0,0.0,0.0,14.0,0.0,4.0,47.0,39.0,,,,,Y,N,N,N,N,N,N,1-2 DAYS,Y,N,N,Y,N,N,Y,N,N,N,N,N,N,1-2 DAYS,Y,N,Y,N,N,N,Y,0.0,56.0,Y,3.0,18.0,0.0,7.0,0.0,0.0,Y,Y,Y,Y,Y,Y,Y,Y,Y,Y,Y,Y,Y,Y,Y,Y,N,,,,,230.8,102.6,44.4,Cook,N,N,POINT (-87.81649000000002 42.079823),2020-11-13,27,4,0.14814814814814814,1,1
83,2020-11-01,145779,VILLA AT PALOS HEIGHTS,12550 SOUTH RIDGELAND AVENUE,PALOS HEIGHTS,IL,60463,Y,Y,0.0,9.0,0.0,33.0,10.0,65.0,0.0,16.0,0.0,9.0,106.0,91.0,,,,,Y,N,N,N,N,N,N,3-7 DAYS,Y,N,N,Y,N,N,Y,N,N,N,N,N,N,3-7 DAYS,Y,N,N,Y,N,N,Y,0.0,0.0,N,0.0,24.0,0.0,10.0,0.0,0.0,N,N,N,N,Y,Y,Y,Y,Y,Y,Y,Y,Y,Y,Y,Y,N,,,,,362.6,98.9,27.3,Cook,N,N,POINT (-87.777828 41.663601),2020-11-13,32,5,0.15625,2,1
84,2020-11-01,145970,VILLA AT WINDSOR PARK,2649 EAST 75TH ST,CHICAGO,IL,60649,Y,Y,0.0,17.0,0.0,20.0,0.0,2.0,0.0,13.0,0.0,9.0,225.0,174.0,,,,,Y,N,N,N,N,N,N,1-2 DAYS,Y,N,N,N,Y,N,Y,N,N,N,N,N,N,1-2 DAYS,Y,N,N,N,Y,N,Y,0.0,18.0,Y,0.0,14.0,0.0,5.0,0.0,0.0,N,N,N,N,Y,Y,Y,Y,Y,Y,Y,Y,Y,Y,Y,Y,N,,,,,114.9,51.7,45.0,Cook,N,N,POINT (-87.559692 41.759323),2020-11-13,162,44,0.2716049382716049,2,1
85,2020-11-01,145336,WARREN BARR GOLD COAST,66 WEST OAK STREET,CHICAGO,IL,60610,Y,Y,0.0,7.0,10.0,30.0,0.0,22.0,1.0,37.0,1.0,4.0,221.0,167.0,,,,,Y,N,N,N,N,N,N,1-2 DAYS,Y,Y,Y,Y,N,N,Y,N,N,N,N,N,N,1-2 DAYS,Y,Y,N,Y,N,N,N,,,,3.0,31.0,0.0,3.0,0.0,0.0,N,N,N,N,Y,Y,Y,Y,Y,Y,Y,Y,Y,Y,Y,Y,N,,,,,179.6,24.0,13.3,Cook,Y,N,POINT (-87.630392 41.900579),2020-11-13,88,6,0.06818181818181818,1,1
86,2020-11-01,145875,WARREN BARR LINCOLN PARK,2732 NORTH HAMPDEN COURT,CHICAGO,IL,60614,N,,0.0,55.0,0.0,43.0,0.0,5.0,0.0,26.0,0.0,11.0,89.0,67.0,,,,,,,,,,,,,,,,,,,,,,,,,,,,,,,,,,,,,0.0,17.0,0.0,3.0,0.0,0.0,,,,,,,,,,,,,,,,,,,,,,641.8,164.2,25.6,Cook,,,POINT (-87.642214 41.931911),2020-11-13,66,11,0.16666666666666666,2,1
87,2020-11-01,145632,WARREN BARR SOUTH LOOP,1725 SOUTH WABASH,CHICAGO,IL,60616,Y,Y,0.0,11.0,0.0,26.0,5.0,179.0,0.0,22.0,0.0,2.0,213.0,141.0,,,,,Y,N,N,N,N,N,N,1-2 DAYS,Y,N,Y,Y,Y,N,Y,N,N,N,N,N,N,1-2 DAYS,Y,N,N,Y,Y,N,Y,0.0,0.0,Y,1.0,25.0,0.0,34.0,0.0,0.0,N,N,Y,N,Y,Y,Y,Y,Y,Y,Y,Y,Y,N,Y,Y,Y,26.0,24.0,Y,Y,184.4,14.2,7.7,Cook,N,N,POINT (-87.625643 41.858698),2020-11-13,50,3,0.06,1,1
88,2020-11-01,145939,WATERFRONT TERRACE,7750 SOUTH SHORE DRIVE,CHICAGO,IL,60649,Y,Y,0.0,15.0,0.0,48.0,0.0,0.0,1.0,9.0,0.0,10.0,118.0,98.0,,,,,Y,N,N,N,N,N,N,,N,N,N,N,N,N,Y,N,N,N,N,N,N,>7 DAYS,N,N,N,N,N,N,Y,4.0,52.0,Y,0.0,8.0,0.0,0.0,0.0,0.0,N,N,Y,N,Y,Y,Y,Y,Y,Y,Y,Y,Y,Y,Y,Y,N,,,,,489.8,102.0,20.8,Cook,N,N,POINT (-87.552222 41.75586),2020-11-13,69,13,0.18840579710144928,1,1
89,2020-11-01,145591,WESLEY PLACE,1415 WEST FOSTER AVENUE,CHICAGO,IL,60640,Y,Y,0.0,0.0,1.0,2.0,0.0,0.0,0.0,0.0,0.0,0.0,108.0,75.0,,,,,Y,N,N,N,N,N,N,3-7 DAYS,N,N,N,N,N,N,Y,N,N,N,N,N,N,3-7 DAYS,Y,N,N,N,Y,N,Y,0.0,0.0,Y,1.0,6.0,0.0,0.0,0.0,0.0,Y,N,Y,N,Y,Y,Y,Y,Y,Y,Y,Y,Y,Y,Y,Y,N,,,,,26.7,0.0,0.0,Cook,N,N,POINT (-87.665368 41.976252),2020-11-13,15,0,0.0,2,1
90,2020-11-01,145026,WESTMINSTER PLACE,3200 GRANT STREET,EVANSTON,IL,60201,Y,Y,0.0,2.0,0.0,1.0,1.0,33.0,0.0,12.0,0.0,0.0,105.0,63.0,,,,,Y,N,N,N,N,N,N,3-7 DAYS,N,N,N,N,N,N,Y,N,N,N,N,N,N,3-7 DAYS,Y,N,N,Y,N,N,Y,0.0,0.0,Y,0.0,14.0,1.0,55.0,0.0,0.0,N,N,N,N,Y,Y,Y,Y,Y,Y,Y,Y,Y,Y,Y,Y,N,,,,,15.9,0.0,0.0,Cook,N,N,POINT (-87.721945 42.058918),2020-11-13,16,0,0.0,1,1
91,2020-11-01,145792,WOODBRIDGE NURSING PAVILION,2242 NORTH KEDZIE,CHICAGO,IL,60647,Y,Y,0.0,31.0,0.0,129.0,2.0,99.0,0.0,49.0,0.0,36.0,222.0,164.0,,,,,Y,N,N,N,N,N,N,1-2 DAYS,Y,Y,N,N,Y,N,Y,N,N,N,N,N,N,1-2 DAYS,Y,N,N,N,Y,N,Y,0.0,0.0,Y,0.0,66.0,0.0,46.0,0.0,0.0,N,N,N,N,Y,Y,Y,Y,Y,Y,Y,Y,Y,Y,Y,Y,N,,,,,786.6,219.5,27.9,Cook,N,N,POINT (-87.707474 41.922325),2020-11-13,219,40,0.18264840182648398,1,1
92,2020-11-01,146030,HEARTLAND SENIOR LIVING,101 TROWBRIDGE ROAD,NEOGA,IL,62447,Y,Y,0.0,6.0,28.0,52.0,0.0,0.0,1.0,7.0,1.0,3.0,71.0,59.0,,,,,Y,N,N,N,N,N,N,3-7 DAYS,Y,N,N,Y,N,N,Y,N,N,N,N,N,N,3-7 DAYS,Y,N,N,Y,N,N,Y,43.0,22.0,Y,10.0,27.0,0.0,1.0,0.0,0.0,N,N,N,N,Y,Y,Y,Y,Y,Y,Y,Y,Y,N,Y,Y,N,,,,,881.4,50.8,5.8,Cumberland,Y,N,POINT (-88.459959 39.318058),2020-11-13,49,3,0.061224489795918366,1,1
93,2020-11-01,145712,WILLOW CREST NURSING PAVILION,515 NORTH MAIN,SANDWICH,IL,60548,Y,Y,0.0,3.0,0.0,33.0,0.0,21.0,0.0,4.0,0.0,3.0,106.0,78.0,,,,,Y,N,N,N,N,N,N,3-7 DAYS,Y,N,N,N,Y,N,Y,N,N,N,N,N,N,3-7 DAYS,Y,N,N,N,Y,N,Y,3.0,3.0,Y,0.0,21.0,0.0,9.0,0.0,0.0,N,N,N,N,Y,Y,Y,Y,Y,Y,Y,Y,Y,Y,Y,Y,N,,,,,423.1,38.5,9.1,DeKalb,N,N,POINT (-88.62183 41.65054),2020-11-13,68,15,0.22058823529411764,1,1
94,2020-11-01,146086,TUSCOLA HEALTH CARE CENTER,1203 EGYPTIAN TRAIL,TUSCOLA,IL,61953,Y,Y,0.0,0.0,0.0,4.0,0.0,0.0,1.0,24.0,1.0,1.0,73.0,36.0,,,,,Y,N,N,N,N,N,N,1-2 DAYS,Y,Y,Y,N,N,N,Y,N,N,N,N,N,N,1-2 DAYS,Y,Y,N,Y,Y,N,Y,0.0,3.0,Y,1.0,11.0,0.0,5.0,0.0,0.0,Y,N,Y,Y,Y,Y,Y,Y,Y,Y,Y,Y,Y,Y,Y,Y,N,,,,,111.1,27.8,25.0,Douglas,N,N,POINT (-88.283267 39.784639),2020-11-13,10,1,0.1,1,1
95,2020-11-01,145582,ALDEN ESTATES OF NAPERVILLE,1525 SOUTH OXFORD LANE,NAPERVILLE,IL,60565,Y,Y,0.0,11.0,0.0,2.0,0.0,15.0,0.0,7.0,0.0,2.0,203.0,105.0,,,,,Y,N,N,N,N,N,N,3-7 DAYS,Y,N,N,N,Y,N,Y,N,N,N,N,N,N,3-7 DAYS,Y,N,N,Y,Y,N,Y,0.0,0.0,Y,1.0,2.0,0.0,8.0,0.0,0.0,N,N,N,N,Y,Y,Y,Y,Y,Y,Y,Y,Y,Y,Y,Y,N,,,,,19.0,19.0,100.0,DuPage,N,N,POINT (-88.123734 41.743795),2020-11-13,106,21,0.19811320754716985,2,1
96,2020-11-01,145830,APERION CARE WEST CHICAGO,201 WEST NORTH AVENUE,WEST CHICAGO,IL,60185,Y,Y,0.0,14.0,0.0,35.0,2.0,52.0,0.0,12.0,0.0,7.0,213.0,203.0,,,,,Y,N,N,N,N,N,N,1-2 DAYS,Y,Y,N,N,N,N,Y,N,N,N,N,N,N,1-2 DAYS,Y,N,N,N,Y,N,Y,3.0,1.0,Y,0.0,15.0,0.0,50.0,0.0,0.0,Y,N,Y,Y,Y,N,Y,N,Y,N,Y,N,Y,N,Y,N,N,,,,,172.4,34.5,20.0,DuPage,N,N,POINT (-88.212678 41.916088),2020-11-13,48,8,0.16666666666666666,2,1
97,2020-11-01,145405,BRIA OF WESTMONT,6501 SOUTH CASS,WESTMONT,IL,60559,Y,Y,1.0,56.0,0.0,118.0,0.0,3.0,1.0,9.0,0.0,12.0,,143.0,,,,,Y,N,N,N,N,N,N,3-7 DAYS,Y,N,N,N,Y,N,Y,N,N,N,N,N,N,3-7 DAYS,Y,N,N,N,Y,N,Y,11.0,4.0,Y,0.0,26.0,0.0,2.0,0.0,0.0,N,N,N,N,Y,Y,Y,Y,Y,Y,Y,Y,Y,Y,Y,Y,N,,,,,825.2,83.9,10.2,DuPage,N,N,POINT (-87.974408 41.769047),2020-11-13,152,29,0.19078947368421054,1,1
98,2020-11-01,145420,BRIDGEWAY SENIOR LIVING,111 EAST WASHINGTON,BENSENVILLE,IL,60106,Y,Y,0.0,10.0,0.0,44.0,0.0,6.0,0.0,13.0,0.0,4.0,236.0,183.0,,,,,Y,N,N,N,N,N,N,3-7 DAYS,Y,N,Y,N,N,N,Y,N,N,N,N,N,N,3-7 DAYS,Y,N,Y,N,N,N,Y,2.0,1.0,Y,1.0,18.0,0.0,0.0,0.0,0.0,N,N,N,N,Y,Y,Y,Y,Y,Y,Y,Y,Y,Y,Y,Y,N,,,,,240.4,21.9,9.1,DuPage,N,N,POINT (-87.937771 41.947926),2020-11-13,69,7,0.10144927536231883,1,1
99,2020-11-01,146094,BROOKDALE BURR RIDGE,6801 HIGHGROVE BOULEVARD,BURR RIDGE,IL,60521,Y,Y,0.0,2.0,0.0,14.0,0.0,8.0,0.0,3.0,0.0,3.0,124.0,83.0,,,,,Y,N,N,N,N,N,N,3-7 DAYS,N,N,N,N,N,N,Y,N,N,N,N,N,N,3-7 DAYS,Y,N,N,N,Y,N,Y,0.0,0.0,Y,0.0,8.0,0.0,0.0,0.0,0.0,N,N,N,N,Y,Y,Y,Y,Y,Y,Y,Y,Y,Y,Y,Y,N,,,,,168.7,36.1,21.4,DuPage,N,N,POINT (-87.929899 41.765961),2020-11-13,23,5,0.21739130434782608,2,1
100,2020-11-01,145050,DUPAGE CARE CENTER,400 N COUNTY FARM RD,WHEATON,IL,60187,Y,N,2.0,13.0,0.0,44.0,0.0,1.0,1.0,24.0,0.0,2.0,368.0,278.0,,,,,Y,N,N,N,N,N,N,1-2 DAYS,Y,N,Y,Y,Y,N,Y,N,N,N,N,N,N,1-2 DAYS,Y,N,Y,Y,Y,N,Y,0.0,0.0,Y,3.0,51.0,0.0,1.0,0.0,0.0,N,N,N,N,Y,Y,Y,Y,Y,Y,Y,Y,Y,Y,Y,Y,N,,,,,158.3,7.2,4.5,DuPage,N,N,POINT (-88.143615 41.866886),2020-11-13,95,4,0.042105263157894736,1,1
101,2020-11-01,145711,LEXINGTON OF ELMHURST,420 WEST BUTTERFIELD ROAD,ELMHURST,IL,60126,Y,Y,0.0,0.0,0.0,4.0,0.0,1.0,0.0,0.0,0.0,0.0,145.0,75.0,,,,,Y,N,N,N,N,N,N,3-7 DAYS,Y,N,N,N,Y,N,Y,N,N,N,N,N,N,3-7 DAYS,Y,N,N,N,Y,N,Y,70.0,40.0,Y,0.0,4.0,0.0,0.0,0.0,0.0,N,N,N,N,Y,Y,Y,Y,Y,Y,Y,Y,Y,Y,Y,Y,N,,,,,53.3,0.0,0.0,DuPage,N,N,POINT (-87.952713 41.862569),2020-11-13,32,13,0.40625,3,1
102,2020-11-01,145804,OAK TRACE,250 VILLAGE DRIVE,DOWNERS GROVE,IL,60516,Y,Y,0.0,0.0,2.0,3.0,0.0,0.0,2.0,24.0,0.0,0.0,102.0,95.0,,,,,Y,N,N,N,N,N,N,3-7 DAYS,Y,N,N,Y,Y,N,Y,N,N,N,N,N,N,3-7 DAYS,Y,N,N,Y,Y,N,N,,,,2.0,11.0,0.0,0.0,0.0,0.0,N,N,N,N,Y,Y,Y,Y,Y,Y,Y,Y,Y,Y,Y,Y,N,,,,,31.6,0.0,0.0,DuPage,N,N,POINT (-87.993778 41.766183),2020-11-13,9,3,0.3333333333333333,1,1
103,2020-11-01,14E392,WEST CHICAGO TERRACE,928 JOLIET ROAD,WEST CHICAGO,IL,60185,Y,Y,0.0,2.0,0.0,3.0,0.0,0.0,0.0,0.0,0.0,0.0,120.0,93.0,,,,,Y,N,N,N,N,N,N,1-2 DAYS,Y,N,N,Y,Y,N,Y,N,N,N,N,N,N,1-2 DAYS,Y,N,N,Y,Y,N,N,,,,1.0,12.0,0.0,1.0,0.0,0.0,N,N,N,N,Y,Y,Y,Y,Y,Y,Y,Y,Y,Y,Y,Y,N,,,,,32.3,0.0,0.0,DuPage,N,N,POINT (-88.20458800000002 41.869819),2020-11-13,15,0,0.0,2,1
104,2020-11-01,145380,LUTHERAN CARE CENTER,702 WEST CUMBERLAND,ALTAMONT,IL,62411,Y,Y,1.0,1.0,1.0,1.0,0.0,0.0,0.0,8.0,0.0,0.0,96.0,45.0,,,,,Y,N,N,N,N,N,N,3-7 DAYS,Y,N,N,Y,N,N,Y,N,N,N,N,N,N,3-7 DAYS,Y,N,N,Y,Y,N,Y,0.0,0.0,Y,2.0,7.0,1.0,2.0,0.0,0.0,N,N,N,N,Y,Y,Y,Y,Y,Y,Y,Y,Y,Y,Y,Y,N,,,,,22.2,0.0,0.0,Effingham,N,Y,POINT (-88.754703 39.053113),2020-11-13,8,0,0.0,1,1
105,2020-11-01,145380,LUTHERAN CARE CENTER,702 WEST CUMBERLAND,ALTAMONT,IL,62411,Y,Y,1.0,1.0,1.0,1.0,0.0,0.0,0.0,8.0,0.0,0.0,96.0,45.0,,,,,Y,N,N,N,N,N,N,3-7 DAYS,Y,N,N,Y,N,N,Y,N,N,N,N,N,N,3-7 DAYS,Y,N,N,Y,Y,N,Y,0.0,0.0,Y,2.0,7.0,1.0,2.0,0.0,0.0,N,N,N,N,Y,Y,Y,Y,Y,Y,Y,Y,Y,Y,Y,Y,N,,,,,22.2,0.0,0.0,Effingham,N,Y,POINT (-88.754703 39.053113),2020-11-13,5,0,0.0,1,1
106,2020-11-01,145857,APERION CARE ST ELMO,221 EAST CUMBERLAND,ST ELMO,IL,62458,Y,Y,1.0,1.0,0.0,44.0,0.0,0.0,0.0,9.0,0.0,9.0,60.0,32.0,,,,,Y,N,N,N,N,N,N,3-7 DAYS,Y,N,N,N,Y,N,Y,N,N,N,N,N,N,3-7 DAYS,Y,N,N,N,Y,N,Y,0.0,0.0,Y,0.0,30.0,0.0,0.0,0.0,0.0,N,N,N,N,Y,Y,Y,Y,Y,Y,Y,Y,Y,Y,Y,Y,N,,,,,1375.0,281.3,20.5,Fayette,N,N,POINT (-88.84565 39.02478),2020-11-13,65,11,0.16923076923076924,1,1
107,2020-11-01,146088,HELIA HEALTHCARE OF BENTON,1310 MARK FRANKLIN LOUIS STREET,BENTON,IL,62812,Y,Y,0.0,0.0,0.0,0.0,0.0,5.0,0.0,0.0,0.0,0.0,83.0,52.0,,,,,Y,N,N,N,N,N,N,1-2 DAYS,Y,N,N,Y,N,N,Y,N,N,N,N,N,N,1-2 DAYS,Y,N,N,Y,N,N,Y,0.0,0.0,Y,0.0,3.0,0.0,9.0,0.0,0.0,Y,N,Y,N,Y,Y,Y,Y,Y,Y,Y,Y,Y,Y,Y,Y,N,,,,,0.0,0.0,,Franklin,N,N,POINT (-88.91965500000002 38.009776),2020-11-13,7,0,0.0,1,1
108,2020-11-01,145471,MONTEBELLO HEALTHCARE CENTER,1599   KEOKUK STREET,HAMILTON,IL,62341,Y,Y,0.0,0.0,0.0,1.0,0.0,0.0,0.0,18.0,0.0,0.0,139.0,39.0,,,,,Y,N,N,N,N,N,N,1-2 DAYS,Y,N,N,N,N,Y,Y,N,N,N,N,N,N,1-2 DAYS,Y,N,N,N,Y,N,Y,1.0,1.0,Y,1.0,5.0,0.0,0.0,0.0,0.0,N,N,N,N,Y,Y,Y,Y,Y,Y,Y,Y,Y,Y,Y,Y,N,,,,,25.6,0.0,0.0,Hancock,N,N,POINT (-91.335985 40.396422),2020-11-13,3,1,0.3333333333333333,1,1
109,2020-11-01,145953,PRAIRIEVIEW LUTHERAN HOME,"P O BOX 4, 403 NORTH FOURTH STREET",DANFORTH,IL,60930,Y,Y,3.0,4.0,0.0,0.0,0.0,0.0,2.0,8.0,0.0,0.0,90.0,71.0,,,,,Y,N,N,N,N,N,N,3-7 DAYS,Y,Y,N,N,N,N,Y,N,N,N,N,N,N,3-7 DAYS,N,N,N,N,N,N,Y,1.0,0.0,Y,0.0,6.0,0.0,0.0,0.0,0.0,N,N,N,N,Y,Y,Y,Y,Y,Y,Y,Y,Y,Y,Y,Y,N,,,,,0.0,0.0,,Iroquois,N,N,,2020-11-13,4,0,0.0,1,1
110,2020-11-01,146171,MANOR COURT OF CARBONDALE,2940 W WESTRIDGE PLACE,CARBONDALE,IL,62901,Y,Y,0.0,3.0,1.0,6.0,0.0,0.0,0.0,30.0,0.0,13.0,120.0,80.0,,,,,Y,N,N,N,N,N,N,1-2 DAYS,Y,N,N,Y,N,N,Y,N,N,N,N,N,N,1-2 DAYS,Y,N,N,Y,N,N,Y,0.0,0.0,Y,1.0,17.0,0.0,0.0,0.0,0.0,N,N,N,N,Y,Y,Y,Y,Y,Y,Y,Y,Y,Y,Y,Y,N,,,,,75.0,162.5,216.7,Jackson,N,N,,2020-11-13,36,10,0.2777777777777778,2,1
111,2020-11-01,145807,NEWTON CARE CENTER,300 S SCOTT STREET,NEWTON,IL,62448,Y,Y,0.0,0.0,0.0,34.0,0.0,10.0,1.0,4.0,0.0,6.0,55.0,38.0,,,,,Y,N,N,N,N,N,N,<1 DAY,Y,N,N,N,Y,N,Y,N,N,N,N,N,N,<1 DAY,Y,N,N,N,Y,N,Y,40.0,89.0,Y,0.0,20.0,1.0,21.0,0.0,0.0,Y,N,Y,N,Y,Y,Y,Y,Y,Y,Y,Y,Y,N,Y,Y,N,,,,,894.7,157.9,17.6,Jasper,N,N,POINT (-88.151475 38.987991),2020-11-13,50,8,0.16,1,1
112,2020-11-01,146021,NATURE TRAIL HEALTH CARE CENTER,1001 SOUTH 34TH STREET,MOUNT VERNON,IL,62864,Y,Y,0.0,2.0,1.0,51.0,0.0,0.0,1.0,44.0,1.0,5.0,74.0,44.0,,,,,Y,N,N,N,N,N,N,1-2 DAYS,Y,N,N,Y,N,N,Y,N,N,N,N,N,N,1-2 DAYS,Y,N,N,Y,Y,N,Y,0.0,0.0,Y,0.0,32.0,0.0,0.0,0.0,0.0,N,N,N,N,Y,Y,Y,Y,Y,Y,Y,Y,Y,Y,Y,Y,N,,,,,1159.1,113.6,9.8,Jefferson,N,N,POINT (-88.933109 38.305888),2020-11-13,57,9,0.15789473684210525,1,1
113,2020-11-01,146140,GALENA STAUSS NURSING HOME,215 SUMMIT STREET,GALENA,IL,61036,Y,Y,0.0,0.0,1.0,18.0,0.0,1.0,2.0,17.0,2.0,7.0,57.0,34.0,,,,,Y,N,N,N,N,N,N,3-7 DAYS,Y,Y,N,Y,N,N,Y,N,N,N,N,N,N,3-7 DAYS,Y,Y,N,Y,N,N,Y,1.0,4.0,N,1.0,13.0,0.0,6.0,0.0,0.0,N,N,N,N,Y,Y,Y,Y,Y,Y,Y,Y,Y,Y,Y,Y,N,,,,,529.4,205.9,38.9,Jo Daviess,N,N,POINT (-90.437681 42.421929),2020-11-13,28,7,0.25,2,1
114,2020-11-01,146147,WAVERLY PLACE OF STOCKTON,"501 EAST FRONT STREET, PO BOX #38",STOCKTON,IL,61085,N,,0.0,1.0,0.0,0.0,0.0,0.0,0.0,0.0,0.0,0.0,49.0,34.0,,,,,,,,,,,,,,,,,,,,,,,,,,,,,,,,,,,,,0.0,4.0,0.0,3.0,0.0,0.0,,,,,,,,,,,,,,,,,,,,,,0.0,0.0,,Jo Daviess,,,POINT (-89.96810500000001 42.094508),2020-11-13,22,0,0.0,1,1
115,2020-11-01,146182,ALDEN COURTS OF WATERFORD,1991 RANDI DRIVE,AURORA,IL,60504,Y,Y,0.0,0.0,0.0,2.0,0.0,0.0,0.0,0.0,0.0,0.0,64.0,34.0,,,,,Y,N,N,N,N,N,N,3-7 DAYS,Y,N,N,Y,Y,N,Y,N,N,N,N,N,N,3-7 DAYS,Y,N,N,N,Y,N,Y,0.0,0.0,Y,1.0,4.0,0.0,1.0,0.0,0.0,N,N,N,N,Y,Y,Y,Y,Y,Y,Y,Y,Y,Y,Y,Y,N,,,,,58.8,0.0,0.0,Kane,N,N,POINT (-88.269279 41.73735),2020-11-13,8,0,0.0,1,1
116,2020-11-01,146008,ALDEN OF WATERFORD,2021 RANDI DRIVE,AURORA,IL,60505,Y,Y,0.0,8.0,0.0,10.0,0.0,3.0,1.0,18.0,0.0,10.0,99.0,73.0,,,,,Y,N,N,N,N,N,N,3-7 DAYS,Y,N,N,Y,N,N,Y,N,N,N,N,N,N,3-7 DAYS,Y,N,N,N,Y,N,Y,0.0,0.0,Y,1.0,12.0,0.0,3.0,0.0,0.0,N,N,N,N,N,N,Y,Y,Y,Y,Y,Y,Y,Y,Y,Y,N,,,,,137.0,137.0,100.0,Kane,N,N,POINT (-88.269221 41.737361),2020-11-13,41,10,0.24390243902439024,1,1
117,2020-11-01,146008,ALDEN OF WATERFORD,2021 RANDI DRIVE,AURORA,IL,60505,Y,Y,0.0,8.0,0.0,10.0,0.0,3.0,1.0,18.0,0.0,10.0,99.0,73.0,,,,,Y,N,N,N,N,N,N,3-7 DAYS,Y,N,N,Y,N,N,Y,N,N,N,N,N,N,3-7 DAYS,Y,N,N,N,Y,N,Y,0.0,0.0,Y,1.0,12.0,0.0,3.0,0.0,0.0,N,N,N,N,N,N,Y,Y,Y,Y,Y,Y,Y,Y,Y,Y,N,,,,,137.0,137.0,100.0,Kane,N,N,POINT (-88.269221 41.737361),2020-11-13,9,0,0.0,1,1
118,2020-11-01,145740,APERION CARE ELGIN,134 NORTH MCLEAN BOULEVARD,ELGIN,IL,60121,Y,Y,0.0,5.0,0.0,13.0,0.0,2.0,0.0,3.0,0.0,3.0,101.0,92.0,,,,,Y,N,N,N,N,N,N,1-2 DAYS,N,N,N,N,N,N,Y,N,N,N,N,N,N,1-2 DAYS,Y,N,N,N,Y,N,Y,0.0,0.0,Y,0.0,9.0,0.0,1.0,0.0,0.0,N,N,N,N,Y,Y,Y,Y,Y,Y,Y,Y,Y,Y,Y,Y,N,,,,,141.3,32.6,23.1,Kane,N,N,POINT (-88.311876 42.038724),2020-11-13,4,0,0.0,1,1
119,2020-11-01,145699,AVANTARA OF ELGIN,1950 LARKIN AVENUE,ELGIN,IL,60123,Y,N,0.0,4.0,7.0,45.0,0.0,19.0,10.0,190.0,0.0,2.0,112.0,80.0,,,,,Y,N,N,N,N,N,N,1-2 DAYS,Y,N,N,N,Y,N,Y,N,N,N,N,N,N,1-2 DAYS,Y,N,N,N,Y,N,Y,0.0,0.0,Y,0.0,24.0,0.0,13.0,0.0,0.0,N,N,N,N,Y,Y,Y,Y,Y,Y,Y,Y,Y,Y,Y,Y,N,,,,,562.5,25.0,4.4,Kane,Y,N,POINT (-88.324432 42.032830000000004),2020-11-13,48,3,0.0625,1,1
120,2020-11-01,146181,AVONDALE ESTATES OF ELGIN,1754-1760 CAPITAL STREET,ELGIN,IL,60124,N,,0.0,38.0,0.0,7.0,0.0,3.0,0.0,0.0,0.0,0.0,120.0,58.0,,,,,,,,,,,,,,,,,,,,,,,,,,,,,,,,,,,,,0.0,12.0,0.0,0.0,0.0,0.0,,,,,,,,,,,,,,,,,,,,,,120.7,0.0,0.0,Kane,,,POINT (-88.339566 42.080164),2020-11-13,53,6,0.11320754716981132,1,1
121,2020-11-01,146067,BRIA OF GENEVA,1101 EAST STATE STREET,GENEVA,IL,60134,Y,Y,5.0,31.0,0.0,2.0,0.0,0.0,0.0,20.0,0.0,19.0,,87.0,,,,,Y,N,N,N,N,N,N,1-2 DAYS,Y,N,N,N,Y,N,Y,N,N,N,N,N,N,1-2 DAYS,Y,N,N,N,Y,N,Y,6.0,16.0,Y,0.0,14.0,0.0,1.0,0.0,0.0,N,N,N,N,Y,Y,Y,Y,Y,Y,Y,Y,Y,Y,Y,Y,N,,,,,23.0,218.4,950.0,Kane,N,N,POINT (-88.285044 41.887816),2020-11-13,145,30,0.20689655172413796,1,1
122,2020-11-01,145980,DUNHAM REHAB & HEALTHCARE,850 DUNHAM RD,ST CHARLES,IL,60174,Y,Y,0.0,1.0,0.0,4.0,0.0,1.0,0.0,17.0,0.0,0.0,109.0,94.0,,,,,Y,N,N,N,N,N,N,3-7 DAYS,Y,N,N,N,Y,N,Y,N,N,N,N,N,N,3-7 DAYS,Y,N,N,N,Y,N,Y,0.0,6.0,Y,1.0,8.0,0.0,2.0,0.0,0.0,N,N,N,N,Y,Y,Y,Y,Y,Y,Y,Y,Y,Y,Y,Y,N,,,,,42.6,0.0,0.0,Kane,N,N,POINT (-88.284601 41.925816),2020-11-13,8,0,0.0,2,1
123,2020-11-01,146166,GREENFIELDS OF GENEVA,0N801 FRIENDSHIP WAY,GENEVA,IL,60134,Y,Y,0.0,0.0,0.0,7.0,0.0,8.0,1.0,8.0,0.0,0.0,43.0,40.0,,,,,Y,N,N,N,N,N,N,3-7 DAYS,Y,N,N,Y,N,N,Y,N,N,N,N,N,N,3-7 DAYS,Y,N,N,Y,N,N,Y,0.0,0.0,Y,2.0,12.0,0.0,25.0,0.0,0.0,N,N,N,N,Y,Y,Y,Y,Y,Y,Y,Y,Y,Y,Y,Y,N,,,,,175.0,0.0,0.0,Kane,N,N,POINT (-88.39245 41.87962),2020-11-13,16,0,0.0,2,1
124,2020-11-01,146166,GREENFIELDS OF GENEVA,0N801 FRIENDSHIP WAY,GENEVA,IL,60134,Y,Y,0.0,0.0,0.0,7.0,0.0,8.0,1.0,8.0,0.0,0.0,43.0,40.0,,,,,Y,N,N,N,N,N,N,3-7 DAYS,Y,N,N,Y,N,N,Y,N,N,N,N,N,N,3-7 DAYS,Y,N,N,Y,N,N,Y,0.0,0.0,Y,2.0,12.0,0.0,25.0,0.0,0.0,N,N,N,N,Y,Y,Y,Y,Y,Y,Y,Y,Y,Y,Y,Y,N,,,,,175.0,0.0,0.0,Kane,N,N,POINT (-88.39245 41.87962),2020-11-13,4,0,0.0,1,1
125,2020-11-01,14A383,HIGHLAND OAKS,2750 WEST HIGHLAND AVENUE,ELGIN,IL,60123,Y,Y,0.0,0.0,0.0,1.0,0.0,4.0,0.0,9.0,0.0,0.0,49.0,43.0,,,,,Y,N,N,N,N,N,N,1-2 DAYS,Y,N,N,Y,N,N,Y,N,N,N,N,N,N,1-2 DAYS,Y,N,N,Y,N,N,N,,,,0.0,9.0,0.0,6.0,0.0,0.0,Y,N,Y,N,Y,Y,Y,Y,Y,Y,Y,Y,Y,Y,Y,Y,,,,,,23.3,0.0,0.0,Kane,N,N,POINT (-88.34701 42.051774),2020-11-13,61,4,0.06557377049180327,2,1
126,2020-11-01,14A539,JENNINGS TERRACE,275 SOUTH LASALLE,AURORA,IL,60505,Y,Y,0.0,0.0,0.0,9.0,0.0,3.0,0.0,3.0,0.0,1.0,60.0,47.0,,,,,Y,N,N,N,N,N,N,1-2 DAYS,Y,N,N,N,Y,N,Y,N,N,N,N,N,N,<1 DAY,Y,N,N,N,Y,N,Y,0.0,56.0,Y,2.0,16.0,2.0,7.0,0.0,0.0,N,N,N,N,Y,Y,Y,Y,Y,Y,Y,Y,Y,Y,Y,Y,N,,,,,191.5,21.3,11.1,Kane,N,N,,2020-11-13,31,1,0.03225806451612903,2,1
127,2020-11-01,145473,SYMPHONY OF ORCHARD VALLEY,2330 WEST GALENA BOULEVARD,AURORA,IL,60506,Y,Y,0.0,19.0,0.0,89.0,0.0,7.0,0.0,42.0,0.0,25.0,203.0,109.0,,,,,Y,N,N,N,N,N,N,1-2 DAYS,Y,N,N,Y,N,N,Y,N,N,N,N,N,N,1-2 DAYS,Y,N,N,Y,N,N,Y,1.0,3.0,Y,1.0,40.0,0.0,6.0,0.0,0.0,N,N,N,N,Y,Y,Y,Y,Y,Y,Y,Y,Y,Y,Y,Y,N,,,,,816.5,229.4,28.1,Kane,N,N,POINT (-88.373801 41.765047),2020-11-13,126,24,0.19047619047619047,2,1
128,2020-11-01,145795,TOWER HILL HEALTHCARE CENTER,759 KANE STREET,SOUTH ELGIN,IL,60177,Y,Y,1.0,21.0,0.0,43.0,0.0,26.0,1.0,40.0,0.0,24.0,206.0,136.0,,,,,Y,N,N,N,N,N,N,1-2 DAYS,Y,N,Y,N,Y,N,Y,N,N,N,N,N,N,1-2 DAYS,Y,N,Y,N,Y,N,Y,0.0,0.0,Y,3.0,94.0,0.0,20.0,0.0,0.0,N,N,N,N,Y,N,Y,Y,Y,N,Y,N,Y,Y,Y,Y,N,,,,,316.2,176.5,55.8,Kane,N,N,POINT (-88.306163 41.997786),2020-11-13,174,30,0.1724137931034483,2,1
129,2020-11-01,146112,APERION CARE BRADLEY,650 NORTH KINZIE,BRADLEY,IL,60915,Y,Y,0.0,5.0,2.0,3.0,0.0,0.0,0.0,0.0,0.0,0.0,120.0,61.0,,,,,Y,N,N,N,N,N,N,3-7 DAYS,Y,N,N,N,Y,N,Y,N,N,N,N,N,N,3-7 DAYS,Y,N,N,N,Y,N,Y,4.0,3.0,Y,2.0,5.0,0.0,0.0,0.0,0.0,Y,Y,Y,N,Y,N,Y,N,Y,N,Y,N,Y,N,Y,N,N,,,,,49.2,0.0,0.0,Kankakee,N,N,POINT (-87.851103 41.152212),2020-11-13,6,1,0.16666666666666666,2,1
130,2020-11-01,145536,PRESENCE OUR LADY OF VICTORY,20 BRIARCLIFF LANE,BOURBONNAIS,IL,60914,Y,Y,0.0,0.0,0.0,3.0,0.0,0.0,0.0,4.0,0.0,0.0,106.0,79.0,,,,,Y,N,N,N,N,N,N,1-2 DAYS,Y,N,N,N,Y,N,Y,N,N,N,N,N,N,1-2 DAYS,Y,N,N,N,Y,N,Y,0.0,0.0,Y,0.0,8.0,0.0,0.0,0.0,0.0,N,N,N,N,Y,Y,Y,Y,Y,Y,Y,Y,Y,Y,Y,Y,N,,,,,38.0,0.0,0.0,Kankakee,N,N,POINT (-87.894346 41.153822),2020-11-13,32,0,0.0,1,1
131,2020-11-01,145697,KNOX COUNTY NURSING HOME,800 NORTH MARKET STREET,KNOXVILLE,IL,61448,Y,Y,0.0,2.0,1.0,7.0,0.0,8.0,2.0,15.0,0.0,2.0,169.0,85.0,,,,,Y,N,N,N,N,N,N,3-7 DAYS,Y,N,N,N,Y,N,Y,N,N,N,N,N,N,3-7 DAYS,Y,N,N,N,Y,N,Y,0.0,0.0,N,0.0,16.0,0.0,15.0,0.0,0.0,Y,N,Y,N,Y,Y,Y,Y,Y,Y,Y,Y,Y,Y,Y,Y,N,,,,,82.4,23.5,28.6,Knox,N,N,POINT (-90.284867 40.917589),2020-11-13,38,2,0.05263157894736842,2,1
132,2020-11-01,145598,SEMINARY MANOR,2345 NORTH SEMINARY STREET,GALESBURG,IL,61401,Y,N,0.0,0.0,15.0,52.0,5.0,28.0,6.0,37.0,6.0,11.0,121.0,59.0,,,,,Y,N,N,N,N,N,N,1-2 DAYS,Y,Y,Y,Y,N,N,Y,N,N,N,N,N,N,1-2 DAYS,Y,Y,N,Y,N,N,Y,16.0,2.0,Y,5.0,40.0,1.0,53.0,0.0,0.0,N,N,N,N,Y,Y,Y,Y,Y,Y,Y,Y,Y,Y,Y,Y,N,,,,,881.4,186.4,21.2,Knox,Y,N,POINT (-90.36401 40.975837),2020-11-13,72,11,0.1527777777777778,1,1
133,2020-11-01,145987,SERENITY OF GALESBURG,1145 FRANK STREET,GALESBURG,IL,61401,Y,Y,0.0,0.0,0.0,14.0,0.0,0.0,0.0,0.0,0.0,0.0,104.0,92.0,,,,,Y,N,N,N,N,N,N,3-7 DAYS,Y,N,N,N,Y,N,Y,N,N,N,N,N,N,3-7 DAYS,Y,N,N,N,Y,N,Y,0.0,0.0,Y,0.0,10.0,0.0,2.0,0.0,0.0,N,N,N,N,Y,Y,Y,Y,Y,Y,Y,Y,Y,Y,Y,Y,N,,,,,152.2,0.0,0.0,Knox,N,N,POINT (-90.389366 40.959553),2020-11-13,10,0,0.0,1,1
134,2020-11-01,145619,SERENITY OF LAKE STOREY,1250 WEST CARL SANDBURG DRIVE,GALESBURG,IL,61401,Y,Y,0.0,0.0,4.0,37.0,0.0,6.0,0.0,6.0,0.0,3.0,180.0,54.0,,,,,Y,N,N,N,N,N,N,1-2 DAYS,Y,Y,Y,Y,Y,N,Y,N,N,N,N,N,N,1-2 DAYS,Y,Y,Y,Y,N,N,Y,7.0,10.0,Y,3.0,30.0,0.0,1.0,0.0,0.0,N,N,N,N,Y,Y,Y,Y,Y,Y,Y,Y,Y,Y,Y,Y,N,,,,,685.2,55.6,8.1,Knox,Y,N,POINT (-90.392699 40.971664),2020-11-13,69,6,0.08695652173913042,1,1
135,2020-11-01,145295,APERION CARE MARSEILLES,578 WEST COMMERCIAL STREET,MARSEILLES,IL,61341,Y,Y,0.0,3.0,0.0,39.0,0.0,10.0,0.0,151.0,0.0,36.0,103.0,73.0,,,,,Y,N,N,N,N,N,N,1-2 DAYS,Y,N,N,Y,N,N,Y,N,N,N,N,N,N,1-2 DAYS,Y,N,N,Y,Y,N,Y,2.0,2.0,Y,1.0,24.0,0.0,0.0,0.0,0.0,N,N,N,N,Y,Y,Y,Y,Y,Y,Y,Y,Y,Y,Y,Y,N,,,,,534.2,493.2,92.3,LaSalle,N,N,POINT (-88.718112 41.328786),2020-11-13,53,10,0.18867924528301888,2,1
136,2020-11-01,145426,OTTAWA PAVILION,704 EAST GLOVER STREET,OTTAWA,IL,61350,Y,Y,0.0,0.0,0.0,0.0,0.0,9.0,1.0,33.0,0.0,0.0,135.0,124.0,,,,,Y,N,N,N,N,N,N,1-2 DAYS,Y,N,N,N,Y,N,Y,N,N,N,N,N,N,1-2 DAYS,Y,N,N,N,Y,N,Y,1.0,0.0,Y,0.0,12.0,0.0,6.0,0.0,0.0,N,N,N,N,Y,Y,Y,Y,Y,Y,Y,Y,Y,Y,Y,Y,N,,,,,0.0,0.0,,LaSalle,N,N,POINT (-88.83146 41.335431),2020-11-13,12,0,0.0,1,1
137,2020-11-01,145936,APERION CARE HIGHWOOD,50 PLEASANT AVENUE,HIGHWOOD,IL,60040,Y,Y,0.0,9.0,1.0,70.0,0.0,5.0,0.0,9.0,0.0,11.0,104.0,78.0,,,,,Y,N,N,N,N,N,N,3-7 DAYS,Y,N,N,N,Y,N,Y,N,N,N,N,N,N,3-7 DAYS,Y,N,N,N,Y,N,Y,4.0,3.0,Y,0.0,38.0,0.0,7.0,0.0,1.0,N,N,N,N,Y,Y,Y,Y,Y,Y,Y,Y,Y,Y,Y,Y,N,,,,,897.4,141.0,15.7,Lake,N,N,POINT (-87.81434 42.197314),2020-11-13,98,13,0.1326530612244898,1,1
138,2020-11-01,145936,APERION CARE HIGHWOOD,50 PLEASANT AVENUE,HIGHWOOD,IL,60040,Y,Y,0.0,9.0,1.0,70.0,0.0,5.0,0.0,9.0,0.0,11.0,104.0,78.0,,,,,Y,N,N,N,N,N,N,3-7 DAYS,Y,N,N,N,Y,N,Y,N,N,N,N,N,N,3-7 DAYS,Y,N,N,N,Y,N,Y,4.0,3.0,Y,0.0,38.0,0.0,7.0,0.0,1.0,N,N,N,N,Y,Y,Y,Y,Y,Y,Y,Y,Y,Y,Y,Y,N,,,,,897.4,141.0,15.7,Lake,N,N,POINT (-87.81434 42.197314),2020-11-13,2,0,0.0,1,1
139,2020-11-01,145868,AVANTARA LONG GROVE,1666 CHECKER ROAD,LONG GROVE,IL,60047,N,,,,,,,,,,,,,,,,,,,,,,,,,,,,,,,,,,,,,,,,,,,,,,,,,,,,,,,,,,,,,,,,,,,,,,,,,,,,,,,,Lake,,,POINT (-87.986442 42.160843),2020-11-13,228,32,0.14035087719298245,1,1
140,2020-11-01,145304,ELEVATE CARE RIVERWOODS,3705 DEERFIELD ROAD,RIVERWOODS,IL,60015,N,,0.0,54.0,0.0,15.0,0.0,16.0,0.0,7.0,0.0,4.0,240.0,121.0,,,,,,,,,,,,,,,,,,,,,,,,,,,,,,,,,,,,,0.0,10.0,0.0,49.0,0.0,0.0,,,,,,,,,,,,,,,,,,,,,,124.0,33.1,26.7,Lake,,,POINT (-87.918974 42.16771),2020-11-13,64,12,0.1875,2,1
141,2020-11-01,145669,ELEVATE CARE WAUKEGAN,2222 WEST 14TH STREET,WAUKEGAN,IL,60085,Y,Y,2.0,8.0,0.0,6.0,0.0,2.0,0.0,1.0,0.0,0.0,271.0,164.0,,,,,Y,N,N,N,N,N,N,<1 DAY,Y,Y,Y,Y,Y,N,Y,N,N,N,N,N,N,<1 DAY,Y,Y,Y,Y,Y,N,Y,162.0,160.0,Y,0.0,4.0,0.0,11.0,0.0,0.0,N,Y,Y,Y,Y,Y,Y,Y,Y,Y,Y,Y,Y,Y,Y,Y,Y,10.0,6.0,Y,Y,36.6,0.0,0.0,Lake,N,N,POINT (-87.861326 42.334174),2020-11-13,74,13,0.17567567567567569,1,1
142,2020-11-01,145669,ELEVATE CARE WAUKEGAN,2222 WEST 14TH STREET,WAUKEGAN,IL,60085,Y,Y,2.0,8.0,0.0,6.0,0.0,2.0,0.0,1.0,0.0,0.0,271.0,164.0,,,,,Y,N,N,N,N,N,N,<1 DAY,Y,Y,Y,Y,Y,N,Y,N,N,N,N,N,N,<1 DAY,Y,Y,Y,Y,Y,N,Y,162.0,160.0,Y,0.0,4.0,0.0,11.0,0.0,0.0,N,Y,Y,Y,Y,Y,Y,Y,Y,Y,Y,Y,Y,Y,Y,Y,Y,10.0,6.0,Y,Y,36.6,0.0,0.0,Lake,N,N,POINT (-87.861326 42.334174),2020-11-13,8,0,0.0,1,1
143,2020-11-01,146130,HILLCREST RETIREMENT VILLAGE,1740 NORTH CIRCUIT DRIVE,ROUND LAKE BEACH,IL,60073,Y,Y,0.0,0.0,0.0,112.0,0.0,2.0,0.0,46.0,0.0,16.0,138.0,98.0,,,,,Y,N,N,N,N,N,N,1-2 DAYS,Y,N,N,N,Y,N,Y,N,N,N,N,N,N,1-2 DAYS,Y,N,N,N,Y,N,Y,0.0,0.0,Y,1.0,91.0,0.0,1.0,0.0,0.0,N,N,N,N,Y,Y,Y,Y,Y,Y,Y,Y,Y,Y,Y,Y,N,,,,,1142.9,163.3,14.3,Lake,N,N,POINT (-88.08609 42.380225),2020-11-13,178,18,0.10112359550561796,1,1
144,2020-11-01,145816,LEXINGTON OF LAKE ZURICH,900 SOUTH RAND ROAD,LAKE ZURICH,IL,60047,Y,Y,0.0,16.0,0.0,28.0,0.0,9.0,0.0,39.0,0.0,11.0,194.0,118.0,,,,,Y,N,N,N,N,N,N,3-7 DAYS,Y,N,N,N,Y,N,Y,N,N,N,N,N,N,<1 DAY,Y,N,N,N,Y,N,Y,3.0,173.0,Y,0.0,23.0,0.0,7.0,0.0,0.0,N,N,N,N,Y,Y,Y,Y,Y,Y,Y,Y,Y,Y,Y,Y,N,,,,,237.3,93.2,39.3,Lake,N,N,POINT (-88.083814 42.182586),2020-11-13,50,12,0.24,1,1
145,2020-11-01,145621,PAVILION OF WAUKEGAN,2217 WASHINGTON STREET,WAUKEGAN,IL,60085,Y,Y,0.0,0.0,0.0,0.0,0.0,9.0,0.0,0.0,0.0,0.0,112.0,90.0,,,,,Y,N,N,N,N,N,N,3-7 DAYS,Y,N,N,N,N,Y,Y,N,N,N,N,N,N,3-7 DAYS,N,N,N,N,N,N,Y,2.0,0.0,Y,0.0,8.0,0.0,8.0,0.0,0.0,N,N,N,N,Y,Y,Y,Y,Y,Y,Y,Y,Y,N,Y,Y,N,,,,,0.0,0.0,,Lake,N,N,POINT (-87.861008 42.359521),2020-11-13,3,0,0.0,1,1
146,2020-11-01,145443,ROLLING HILLS MANOR,3615 16TH STREET,ZION,IL,60099,Y,Y,0.0,1.0,0.0,74.0,0.0,1.0,3.0,19.0,3.0,12.0,115.0,62.0,,,,,Y,N,N,N,N,N,N,1-2 DAYS,Y,N,N,Y,Y,N,Y,N,N,N,N,N,N,1-2 DAYS,Y,N,N,Y,Y,N,Y,0.0,1.0,Y,2.0,46.0,0.0,34.0,0.0,0.0,N,N,N,N,Y,Y,Y,Y,Y,Y,Y,Y,Y,Y,Y,Y,,,,,,1193.5,193.5,16.2,Lake,N,N,POINT (-87.865072 42.465718),2020-11-13,12,1,0.08333333333333333,2,1
147,2020-11-01,145819,SYMPHONY OF BUFFALO GROVE,150 NORTH WEILAND ROAD,BUFFALO GROVE,IL,60089,Y,Y,0.0,15.0,3.0,67.0,5.0,88.0,2.0,64.0,0.0,12.0,200.0,138.0,,,,,Y,N,N,N,N,N,N,3-7 DAYS,Y,N,N,N,Y,N,Y,N,N,N,N,N,N,3-7 DAYS,Y,N,N,N,Y,N,Y,5.0,3.0,Y,2.0,70.0,2.0,60.0,0.0,0.0,N,N,N,N,Y,Y,Y,Y,Y,Y,Y,Y,Y,Y,Y,Y,N,,,,,485.5,87.0,17.9,Lake,Y,N,POINT (-87.954505 42.155538),2020-11-13,3,0,0.0,1,1
148,2020-11-01,146028,WARREN BARR LINCOLNSHIRE,150 JAMESTOWN LANE,LINCOLNSHIRE,IL,60069,Y,Y,1.0,12.0,1.0,18.0,1.0,22.0,0.0,40.0,0.0,4.0,144.0,113.0,,,,,Y,N,N,N,N,N,N,1-2 DAYS,Y,N,Y,N,N,N,Y,N,N,N,N,N,N,1-2 DAYS,Y,Y,Y,N,Y,N,Y,0.0,0.0,N,1.0,35.0,1.0,32.0,0.0,0.0,Y,Y,Y,Y,Y,N,Y,N,Y,N,Y,N,Y,N,Y,N,,,,,,159.3,35.4,22.2,Lake,N,N,POINT (-87.931419 42.205431),2020-11-13,56,5,0.08928571428571429,1,1
149,2020-11-01,145923,WARREN BARR NORTH SHORE,2773 SKOKIE VALLEY ROAD,HIGHLAND PARK,IL,60035,Y,Y,0.0,55.0,1.0,5.0,0.0,0.0,1.0,20.0,0.0,16.0,215.0,110.0,,,,,Y,N,N,N,N,N,N,1-2 DAYS,Y,N,N,N,Y,N,Y,N,N,N,N,N,N,1-2 DAYS,Y,N,N,N,Y,N,N,,,,0.0,27.0,0.0,0.0,0.0,0.0,N,N,N,N,Y,Y,Y,Y,Y,Y,Y,Y,Y,Y,Y,Y,N,,,,,45.5,145.5,320.0,Lake,N,N,POINT (-87.834407 42.202671),2020-11-13,94,17,0.18085106382978725,1,1
150,2020-11-01,145887,WAUCONDA CARE,176 THOMAS COURT,WAUCONDA,IL,60084,Y,Y,0.0,12.0,0.0,43.0,0.0,26.0,0.0,38.0,0.0,17.0,135.0,72.0,,,,,Y,N,N,N,N,N,N,3-7 DAYS,Y,N,Y,Y,N,N,Y,N,N,N,N,N,N,3-7 DAYS,Y,N,N,Y,N,N,Y,10.0,0.0,Y,0.0,25.0,0.0,62.0,0.0,0.0,N,N,N,N,Y,Y,Y,Y,Y,Y,Y,Y,Y,Y,Y,Y,N,,,,,597.2,236.1,39.5,Lake,N,N,POINT (-88.147989 42.255017),2020-11-13,70,16,0.22857142857142854,2,1
151,2020-11-01,146095,EVENGLOW LODGE,215 EAST WASHINGTON,PONTIAC,IL,61764,Y,Y,0.0,0.0,3.0,6.0,1.0,5.0,2.0,36.0,0.0,0.0,172.0,125.0,,,,,Y,N,N,N,N,N,N,1-2 DAYS,Y,N,N,Y,N,N,Y,N,N,N,N,N,N,1-2 DAYS,Y,N,N,Y,N,N,Y,5.0,6.0,Y,2.0,11.0,0.0,20.0,0.0,0.0,N,N,Y,N,Y,N,Y,Y,Y,Y,Y,Y,Y,Y,Y,Y,N,,,,,48.0,0.0,0.0,Livingston,Y,N,POINT (-88.62691 40.87951),2020-11-13,8,0,0.0,1,1
152,2020-11-01,145430,CHRISTIAN NURSING HOME,1507 7TH STREET,LINCOLN,IL,62656,Y,Y,0.0,0.0,0.0,0.0,0.0,5.0,1.0,19.0,0.0,0.0,122.0,90.0,,,,,Y,N,N,N,N,N,N,1-2 DAYS,Y,N,N,Y,N,N,Y,N,N,N,N,N,N,1-2 DAYS,Y,N,N,Y,N,N,Y,0.0,0.0,Y,1.0,14.0,1.0,18.0,0.0,0.0,Y,N,Y,Y,Y,Y,Y,Y,Y,Y,Y,Y,Y,Y,Y,Y,N,,,,,0.0,0.0,,Logan,N,N,POINT (-89.385523 40.14873),2020-11-13,6,0,0.0,2,1
153,2020-11-01,145719,GENERATIONS AT LINCOLN,2202 NORTH KICKAPOO STREET,LINCOLN,IL,62656,Y,Y,0.0,1.0,0.0,0.0,0.0,9.0,0.0,12.0,0.0,0.0,126.0,85.0,,,,,Y,N,N,N,N,N,N,3-7 DAYS,Y,N,N,N,Y,N,Y,N,N,N,N,N,N,3-7 DAYS,Y,N,N,N,Y,N,Y,0.0,0.0,Y,0.0,2.0,0.0,2.0,0.0,0.0,N,N,N,N,Y,Y,Y,Y,Y,Y,Y,Y,Y,Y,Y,Y,Y,18.0,13.0,Y,Y,0.0,0.0,,Logan,N,N,POINT (-89.341493 40.1648),2020-11-13,3,0,0.0,1,1
154,2020-11-01,146003,PRAIRIE CREEK VILLAGE,2530 NORTH MONROE STREET,DECATUR,IL,62526,Y,Y,3.0,3.0,8.0,16.0,0.0,0.0,0.0,0.0,0.0,0.0,195.0,147.0,,,,,Y,N,N,N,N,N,N,3-7 DAYS,Y,Y,N,Y,Y,N,Y,N,N,N,N,N,N,3-7 DAYS,Y,N,N,Y,Y,N,Y,0.0,0.0,Y,3.0,24.0,0.0,0.0,0.0,0.0,Y,N,Y,Y,Y,Y,Y,Y,Y,Y,Y,Y,Y,Y,Y,Y,N,,,,,108.8,0.0,0.0,Macon,Y,N,POINT (-88.963687 39.869937),2020-11-13,27,0,0.0,3,1
155,2020-11-01,145965,VILLA CLARA POST ACUTE,500 WEST MCKINLEY AVENUE,DECATUR,IL,62526,Y,Y,11.0,29.0,0.0,65.0,0.0,7.0,2.0,30.0,2.0,15.0,150.0,75.0,,,,,Y,N,N,N,N,N,N,1-2 DAYS,Y,N,N,Y,N,N,Y,N,N,N,N,N,N,1-2 DAYS,Y,N,N,Y,N,N,Y,0.0,0.0,Y,1.0,60.0,0.0,10.0,0.0,0.0,N,N,N,N,Y,Y,Y,Y,Y,Y,Y,Y,Y,Y,Y,Y,N,,,,,866.7,200.0,23.1,Macon,N,N,POINT (-88.961702 39.86938800000001),2020-11-13,100,12,0.12,1,1
156,2020-11-01,145846,CARE CENTER AT CENTER GROVE,6277 CENTER GROVE ROAD,EDWARDSVILLE,IL,62025,Y,Y,0.0,0.0,0.0,12.0,0.0,0.0,0.0,26.0,0.0,0.0,116.0,85.0,,,,,Y,N,N,N,N,N,N,3-7 DAYS,N,N,N,N,N,N,Y,N,N,N,N,N,N,3-7 DAYS,N,N,N,N,N,N,N,,,,0.0,46.0,0.0,0.0,0.0,0.0,N,N,N,N,Y,Y,Y,Y,Y,Y,Y,Y,Y,Y,Y,Y,N,,,,,141.2,0.0,0.0,Madison,N,N,POINT (-89.97260300000002 38.787242),2020-11-13,10,0,0.0,1,1
157,2020-11-01,145384,EDEN VILLAGE CARE CENTER,400 SOUTH STATION ROAD,GLEN CARBON,IL,62034,Y,Y,0.0,3.0,0.0,59.0,1.0,56.0,0.0,36.0,0.0,20.0,128.0,53.0,,,,,Y,N,N,N,N,N,N,1-2 DAYS,Y,Y,N,N,Y,Y,Y,N,N,N,N,N,N,1-2 DAYS,Y,N,N,N,Y,N,Y,0.0,3.0,Y,0.0,21.0,0.0,39.0,0.0,1.0,N,N,N,N,Y,Y,Y,Y,Y,Y,Y,Y,Y,Y,Y,Y,N,,,,,1113.2,377.4,33.9,Madison,N,N,POINT (-89.946892 38.772386),2020-11-13,84,21,0.25,3,1
158,2020-11-01,145921,HITZ MEMORIAL HOME,"201 BELLE STREET,  P O BOX 79",ALHAMBRA,IL,62001,Y,Y,0.0,0.0,0.0,0.0,0.0,0.0,0.0,1.0,0.0,0.0,59.0,44.0,,,,,Y,N,N,N,N,N,N,1-2 DAYS,Y,N,N,Y,N,N,Y,N,N,N,N,N,N,1-2 DAYS,Y,N,N,Y,N,N,Y,1.0,0.0,Y,0.0,1.0,0.0,1.0,0.0,0.0,N,N,N,N,Y,Y,Y,Y,Y,Y,Y,Y,Y,Y,Y,Y,N,,,,,0.0,0.0,,Madison,N,N,POINT (-90.187536 38.891193),2020-11-13,31,0,0.0,1,1
159,2020-11-01,145666,CENTRALIA MANOR,1910 EAST MCCORD RTE 161 EAST,CENTRALIA,IL,62801,Y,Y,0.0,0.0,0.0,3.0,0.0,14.0,0.0,14.0,0.0,0.0,120.0,77.0,,,,,Y,N,N,N,N,N,N,1-2 DAYS,Y,N,N,N,Y,N,Y,N,N,N,N,N,N,1-2 DAYS,Y,N,N,N,Y,N,Y,0.0,0.0,Y,0.0,9.0,1.0,19.0,0.0,0.0,N,N,N,N,N,N,N,N,N,N,N,N,N,N,N,N,N,,,,,39.0,0.0,0.0,Marion,N,N,,2020-11-13,3,0,0.0,1,1
160,2020-11-01,145791,FIRESIDE HOUSE OF CENTRALIA,1030 MARTIN LUTHER KING BLVD,CENTRALIA,IL,62801,Y,Y,0.0,0.0,0.0,0.0,0.0,0.0,0.0,0.0,0.0,0.0,98.0,68.0,,,,,Y,N,N,N,N,N,N,1-2 DAYS,N,N,N,N,N,N,Y,N,N,N,N,N,N,1-2 DAYS,Y,N,N,N,Y,N,Y,0.0,0.0,Y,0.0,3.0,0.0,0.0,0.0,0.0,N,N,N,N,Y,Y,Y,Y,Y,Y,Y,Y,Y,Y,Y,Y,N,,,,,0.0,0.0,,Marion,N,N,,2020-11-13,5,0,0.0,1,1
161,2020-11-01,146070,TWIN WILLOWS NURSING CENTER,"1600 NORTH BROADWAY, PO BOX 370",SALEM,IL,62881,Y,Y,1.0,1.0,0.0,0.0,0.0,1.0,1.0,10.0,0.0,0.0,72.0,31.0,,,,,Y,N,N,N,N,N,N,1-2 DAYS,N,N,N,N,N,N,Y,N,N,N,N,N,N,1-2 DAYS,Y,N,N,N,Y,N,Y,0.0,0.0,Y,0.0,0.0,0.0,0.0,0.0,0.0,N,N,N,N,Y,Y,Y,Y,Y,Y,Y,Y,Y,Y,Y,Y,N,,,,,0.0,0.0,,Marion,N,N,,2020-11-13,6,0,0.0,1,1
162,2020-11-01,145616,MASON CITY AREA NURSING HOME,520 NORTH PRICE AVENUE,MASON CITY,IL,62664,Y,N,0.0,0.0,9.0,47.0,0.0,5.0,5.0,14.0,5.0,5.0,97.0,46.0,,,,,Y,N,N,N,N,N,N,1-2 DAYS,Y,N,N,N,Y,N,Y,N,N,N,N,N,N,1-2 DAYS,Y,N,N,N,Y,N,Y,0.0,0.0,N,11.0,39.0,1.0,9.0,0.0,0.0,N,N,N,N,Y,Y,Y,Y,Y,Y,Y,Y,Y,Y,Y,Y,N,,,,,1021.7,108.7,10.6,Mason,Y,N,POINT (-89.678752 40.206876),2020-11-13,95,12,0.1263157894736842,1,1
163,2020-11-01,145917,FAIR OAKS HEALTH CARE CENTER,471 TERRA COTTA AVENUE,CRYSTAL LAKE,IL,60014,Y,Y,0.0,3.0,0.0,9.0,0.0,14.0,0.0,0.0,0.0,1.0,51.0,34.0,,,,,Y,N,N,N,N,N,N,1-2 DAYS,Y,N,N,N,Y,N,Y,N,N,N,N,N,N,1-2 DAYS,Y,N,N,N,Y,N,Y,0.0,2.0,Y,0.0,7.0,1.0,13.0,0.0,0.0,N,N,N,N,Y,Y,Y,Y,Y,Y,Y,Y,Y,Y,Y,Y,N,,,,,264.7,29.4,11.1,McHenry,N,N,POINT (-88.339237 42.248016),2020-11-13,15,3,0.2,1,1
164,2020-11-01,146127,FLORENCE NURSING HOME,546 EAST GRANT HIGHWAY,MARENGO,IL,60152,Y,Y,0.0,7.0,0.0,21.0,0.0,5.0,0.0,24.0,0.0,15.0,42.0,35.0,,,,,Y,N,N,N,N,N,N,1-2 DAYS,Y,N,N,N,Y,N,Y,N,N,N,N,N,N,3-7 DAYS,Y,N,N,N,Y,N,Y,0.0,0.0,Y,0.0,10.0,0.0,3.0,0.0,0.0,N,N,N,N,Y,Y,Y,Y,Y,Y,Y,Y,Y,Y,Y,Y,N,,,,,600.0,428.6,71.4,McHenry,N,N,POINT (-88.60218 42.24637100000001),2020-11-13,33,4,0.12121212121212123,2,1
165,2020-11-01,146015,HEARTHSTONE MANOR,920 N SEMINARY AVE P O BOX 520,WOODSTOCK,IL,60098,Y,Y,0.0,2.0,0.0,36.0,0.0,0.0,0.0,3.0,0.0,0.0,130.0,64.0,,,,,Y,N,N,N,N,N,N,<1 DAY,N,N,N,N,N,N,Y,N,N,N,N,N,N,<1 DAY,Y,N,N,N,Y,N,Y,0.0,96.0,Y,0.0,37.0,0.0,0.0,0.0,0.0,N,N,N,N,Y,Y,Y,Y,Y,Y,Y,Y,Y,Y,Y,Y,N,,,,,562.5,0.0,0.0,McHenry,N,N,POINT (-88.443149 42.323875),2020-11-13,69,7,0.10144927536231883,1,1
166,2020-11-01,145494,MCLEAN COUNTY NURSING HOME,901 NORTH MAIN,NORMAL,IL,61761,Y,Y,0.0,2.0,0.0,1.0,0.0,14.0,0.0,46.0,0.0,0.0,150.0,84.0,,,,,Y,N,N,N,N,N,N,3-7 DAYS,N,N,N,N,N,N,Y,N,N,N,N,N,N,3-7 DAYS,N,N,N,N,N,N,Y,0.0,0.0,Y,0.0,7.0,0.0,14.0,0.0,0.0,N,N,N,N,Y,Y,Y,Y,Y,Y,Y,Y,Y,Y,Y,Y,N,,,,,11.9,0.0,0.0,McLean,N,N,POINT (-88.995309 40.522773),2020-11-13,5,0,0.0,1,1
167,2020-11-01,145445,OAK HILL,623 HAMACHER STREET,WATERLOO,IL,62298,Y,Y,0.0,8.0,1.0,67.0,0.0,0.0,0.0,31.0,0.0,12.0,144.0,101.0,,,,,Y,N,N,N,N,N,N,1-2 DAYS,N,N,N,N,N,N,Y,N,N,N,N,N,N,1-2 DAYS,N,N,N,N,N,N,Y,1.0,1.0,Y,0.0,50.0,0.0,73.0,0.0,0.0,Y,N,Y,N,Y,Y,Y,Y,Y,Y,Y,Y,Y,Y,Y,Y,,,,,,663.4,118.8,17.9,Monroe,N,N,POINT (-90.132085 38.345548),2020-11-13,106,15,0.14150943396226415,1,1
168,2020-11-01,145928,APERION CARE JACKSONVILLE,1021 NORTH CHURCH STREET,JACKSONVILLE,IL,62650,Y,Y,0.0,6.0,0.0,44.0,0.0,27.0,0.0,7.0,0.0,5.0,113.0,77.0,,,,,Y,N,N,N,N,N,N,1-2 DAYS,Y,N,N,N,N,Y,Y,N,N,N,N,N,N,1-2 DAYS,Y,N,N,N,N,Y,Y,3.0,1.0,Y,1.0,40.0,0.0,2.0,0.0,0.0,N,N,N,N,Y,Y,Y,Y,Y,Y,Y,Y,Y,Y,Y,Y,N,,,,,571.4,64.9,11.4,Morgan,N,N,POINT (-90.233924 39.747165),2020-11-13,64,6,0.09375,1,1
169,2020-11-01,146074,MASON POINT,ONE MASONIC WAY,SULLIVAN,IL,61951,Y,Y,1.0,1.0,2.0,25.0,0.0,8.0,0.0,27.0,0.0,1.0,170.0,73.0,,,,,Y,N,N,N,N,N,N,3-7 DAYS,Y,Y,Y,N,N,N,Y,N,N,N,N,N,N,3-7 DAYS,Y,N,N,Y,N,N,Y,13.0,0.0,Y,1.0,9.0,2.0,49.0,0.0,0.0,N,Y,N,N,Y,Y,Y,Y,Y,Y,Y,Y,Y,Y,Y,Y,N,,,,,342.5,13.7,4.0,Moultrie,N,N,,2020-11-13,6,3,0.5,1,1
170,2020-11-01,145440,GENERATIONS AT NEIGHBORS,"811 WEST 2ND, PO BOX 585",BYRON,IL,61010,Y,Y,0.0,0.0,0.0,1.0,0.0,0.0,0.0,0.0,0.0,0.0,131.0,108.0,,,,,Y,N,N,N,N,N,N,1-2 DAYS,N,N,N,N,N,N,Y,N,N,N,N,N,N,1-2 DAYS,Y,N,N,N,Y,N,Y,0.0,0.0,Y,0.0,5.0,0.0,0.0,0.0,0.0,N,N,N,N,Y,Y,Y,Y,Y,Y,Y,Y,Y,Y,Y,Y,N,,,,,9.3,0.0,0.0,Ogle,N,N,,2020-11-13,25,0,0.0,1,1
171,2020-11-01,145440,GENERATIONS AT NEIGHBORS,"811 WEST 2ND, PO BOX 585",BYRON,IL,61010,Y,Y,0.0,0.0,0.0,1.0,0.0,0.0,0.0,0.0,0.0,0.0,131.0,108.0,,,,,Y,N,N,N,N,N,N,1-2 DAYS,N,N,N,N,N,N,Y,N,N,N,N,N,N,1-2 DAYS,Y,N,N,N,Y,N,Y,0.0,0.0,Y,0.0,5.0,0.0,0.0,0.0,0.0,N,N,N,N,Y,Y,Y,Y,Y,Y,Y,Y,Y,Y,Y,Y,N,,,,,9.3,0.0,0.0,Ogle,N,N,,2020-11-13,5,0,0.0,1,1
172,2020-11-01,145811,APERION CARE PEORIA HEIGHTS,1629 GARDNER LANE,PEORIA HEIGHTS,IL,61616,Y,Y,0.0,0.0,0.0,3.0,0.0,0.0,0.0,0.0,0.0,0.0,110.0,87.0,,,,,Y,N,N,N,N,N,N,1-2 DAYS,N,N,N,N,N,N,Y,N,N,N,N,N,N,1-2 DAYS,Y,N,N,N,Y,N,Y,0.0,1.0,Y,1.0,4.0,0.0,0.0,0.0,0.0,N,N,N,N,Y,Y,Y,Y,Y,Y,Y,Y,Y,Y,Y,Y,N,,,,,34.5,0.0,0.0,Peoria,N,N,POINT (-89.568068 40.758109),2020-11-13,7,0,0.0,1,1
173,2020-11-01,145039,GENERATIONS AT PEORIA,5600 GLEN ELM DRIVE,PEORIA,IL,61614,Y,Y,4.0,81.0,3.0,33.0,0.0,0.0,0.0,31.0,0.0,10.0,144.0,103.0,,,,,Y,N,N,N,N,N,N,1-2 DAYS,Y,N,N,Y,N,N,Y,N,N,N,N,N,N,1-2 DAYS,Y,N,N,Y,N,N,Y,0.0,17.0,Y,3.0,30.0,0.0,12.0,0.0,0.0,Y,Y,Y,Y,Y,Y,Y,Y,Y,Y,Y,Y,Y,Y,Y,Y,N,,,,,320.4,97.1,30.3,Peoria,Y,N,POINT (-89.590841 40.754222),2020-11-13,28,2,0.07142857142857142,1,1
174,2020-11-01,145647,UNIVERSITY REHAB AT NORTHMOOR,1500 WEST NORTHMOOR ROAD,PEORIA,IL,61614,Y,Y,0.0,0.0,0.0,42.0,0.0,64.0,0.0,17.0,0.0,14.0,120.0,71.0,,,,,Y,N,N,N,N,N,N,1-2 DAYS,N,N,N,N,N,N,Y,N,N,N,N,N,N,1-2 DAYS,Y,Y,N,N,Y,N,Y,0.0,1.0,Y,1.0,21.0,0.0,10.0,0.0,0.0,N,N,N,N,Y,Y,Y,Y,Y,Y,Y,Y,Y,Y,Y,Y,N,,,,,591.5,197.2,33.3,Peoria,N,N,POINT (-89.616095 40.761567),2020-11-13,10,1,0.1,2,1
175,2020-11-01,145406,RANDOLPH COUNTY CARE CENTER,312 WEST BELMONT,SPARTA,IL,62286,Y,Y,0.0,1.0,0.0,0.0,0.0,0.0,1.0,12.0,0.0,0.0,100.0,48.0,,,,,Y,N,N,N,N,N,N,1-2 DAYS,Y,N,N,N,Y,N,Y,N,N,N,N,N,N,1-2 DAYS,Y,N,N,N,Y,N,Y,0.0,0.0,Y,0.0,4.0,0.0,0.0,0.0,0.0,N,N,N,N,Y,Y,Y,Y,Y,Y,Y,Y,Y,Y,Y,Y,N,,,,,0.0,0.0,,Randolph,N,N,POINT (-89.705805 38.117739),2020-11-13,4,0,0.0,1,1
176,2020-11-01,145388,HELIA HEALTHCARE OF OLNEY,410 EAST MACK,OLNEY,IL,62450,Y,Y,0.0,0.0,0.0,0.0,0.0,6.0,1.0,7.0,0.0,0.0,118.0,83.0,,,,,Y,N,N,N,N,N,N,1-2 DAYS,Y,N,N,N,Y,N,Y,N,N,N,N,N,N,1-2 DAYS,Y,N,N,N,Y,N,Y,2.0,5.0,Y,0.0,6.0,0.0,14.0,0.0,0.0,N,N,N,N,Y,Y,Y,Y,Y,Y,Y,Y,Y,Y,Y,Y,N,,,,,0.0,0.0,,Richland,N,N,POINT (-88.079877 38.745885),2020-11-13,4,0,0.0,1,1
177,2020-11-01,146099,FRIENDSHIP MANOR,1209 21ST AVENUE,ROCK ISLAND,IL,61201,Y,Y,0.0,0.0,0.0,4.0,0.0,3.0,1.0,15.0,0.0,0.0,94.0,73.0,,,,,Y,N,N,N,N,N,N,3-7 DAYS,Y,N,N,N,Y,N,Y,N,N,N,N,N,N,3-7 DAYS,Y,Y,Y,N,Y,N,Y,26.0,28.0,Y,2.0,24.0,2.0,15.0,0.0,0.0,N,N,N,N,Y,Y,Y,Y,Y,Y,Y,Y,Y,Y,Y,Y,N,,,,,54.8,0.0,0.0,Rock Island,N,N,POINT (-90.58018 41.490369),2020-11-13,28,0,0.0,2,1
178,2020-11-01,146099,FRIENDSHIP MANOR,1209 21ST AVENUE,ROCK ISLAND,IL,61201,Y,Y,0.0,0.0,0.0,4.0,0.0,3.0,1.0,15.0,0.0,0.0,94.0,73.0,,,,,Y,N,N,N,N,N,N,3-7 DAYS,Y,N,N,N,Y,N,Y,N,N,N,N,N,N,3-7 DAYS,Y,Y,Y,N,Y,N,Y,26.0,28.0,Y,2.0,24.0,2.0,15.0,0.0,0.0,N,N,N,N,Y,Y,Y,Y,Y,Y,Y,Y,Y,Y,Y,Y,N,,,,,54.8,0.0,0.0,Rock Island,N,N,POINT (-90.58018 41.490369),2020-11-13,10,0,0.0,1,1
179,2020-11-01,145703,ILLINI RESTORATIVE CARE,1455 HOSPITAL ROAD,SILVIS,IL,61282,Y,Y,0.0,1.0,1.0,8.0,0.0,5.0,0.0,11.0,0.0,0.0,120.0,64.0,,,,,Y,N,N,N,N,N,N,<1 DAY,Y,Y,N,Y,Y,N,Y,N,N,N,N,N,N,<1 DAY,Y,N,N,Y,Y,N,Y,1.0,112.0,Y,0.0,8.0,0.0,3.0,0.0,0.0,N,N,N,N,Y,Y,Y,Y,Y,Y,Y,Y,Y,Y,Y,Y,N,,,,,125.0,0.0,0.0,Rock Island,N,N,POINT (-90.420328 41.494565),2020-11-13,12,0,0.0,1,1
180,2020-11-01,145160,APERION CARE CAPITOL,555 WEST CARPENTER,SPRINGFIELD,IL,62702,Y,Y,0.0,7.0,0.0,1.0,0.0,2.0,0.0,2.0,0.0,0.0,251.0,86.0,,,,,Y,N,N,N,N,N,N,3-7 DAYS,Y,N,N,Y,N,N,Y,N,N,N,N,N,N,3-7 DAYS,Y,N,N,Y,N,N,Y,0.0,6.0,Y,2.0,7.0,0.0,70.0,0.0,0.0,N,N,N,N,Y,Y,Y,Y,Y,Y,Y,Y,Y,Y,Y,Y,N,,,,,11.6,0.0,0.0,Sangamon,N,N,POINT (-89.662793 39.807588),2020-11-13,5,0,0.0,1,1
181,2020-11-01,14E847,APERION CARE SPRINGFIELD,525 SO MARTIN LUTHER KING DR,SPRINGFIELD,IL,62703,Y,Y,0.0,0.0,0.0,0.0,0.0,0.0,0.0,0.0,0.0,0.0,65.0,61.0,,,,,Y,N,N,N,N,N,N,,N,N,N,N,N,N,Y,N,N,N,N,N,N,1-2 DAYS,Y,N,N,N,N,Y,N,,,,0.0,3.0,0.0,0.0,0.0,0.0,N,N,N,N,Y,Y,Y,Y,Y,Y,Y,Y,Y,Y,Y,Y,N,,,,,0.0,0.0,,Sangamon,N,N,,2020-11-13,53,0,0.0,1,1
182,2020-11-01,145441,SHELBYVILLE MANOR,1111 WEST NORTH 12TH STREET,SHELBYVILLE,IL,62565,Y,Y,1.0,4.0,0.0,49.0,0.0,1.0,0.0,17.0,0.0,10.0,109.0,50.0,,,,,Y,N,N,N,N,N,N,1-2 DAYS,Y,N,N,Y,N,N,Y,N,N,N,N,N,N,1-2 DAYS,Y,N,N,Y,Y,N,Y,0.0,36.0,Y,1.0,48.0,3.0,22.0,0.0,0.0,N,N,Y,Y,Y,Y,Y,Y,Y,N,Y,N,Y,N,Y,Y,N,,,,,980.0,200.0,20.4,Shelby,N,N,POINT (-88.806627 39.419926),2020-11-13,97,11,0.1134020618556701,2,1
183,2020-11-01,145668,BRIA OF BELLEVILLE,150 NORTH 27TH STREET,BELLEVILLE,IL,62226,Y,Y,1.0,32.0,1.0,21.0,0.0,0.0,1.0,29.0,0.0,10.0,,105.0,,,,,Y,N,N,N,N,N,N,3-7 DAYS,Y,N,N,N,Y,N,Y,N,N,N,N,N,N,3-7 DAYS,Y,N,N,N,Y,N,Y,8.0,6.0,Y,0.0,31.0,0.0,4.0,0.0,0.0,N,N,N,N,Y,Y,Y,Y,Y,Y,Y,Y,Y,Y,Y,Y,N,,,,,200.0,95.2,47.6,St. Clair,N,N,POINT (-90.009532 38.525934),2020-11-13,70,8,0.11428571428571427,1,1
184,2020-11-01,145613,BRIA OF CAHOKIA,3354 JEROME LANE,CAHOKIA,IL,62206,Y,Y,0.0,9.0,0.0,22.0,0.0,3.0,0.0,6.0,0.0,3.0,,100.0,,,,,Y,N,N,N,N,N,N,1-2 DAYS,Y,Y,Y,Y,Y,N,Y,N,N,N,N,N,N,1-2 DAYS,Y,Y,Y,Y,Y,N,Y,2.0,8.0,Y,2.0,30.0,0.0,1.0,0.0,0.0,N,N,N,N,Y,Y,Y,Y,Y,Y,Y,Y,Y,Y,Y,Y,N,,,,,220.0,30.0,13.6,St. Clair,N,N,POINT (-90.149391 38.551496),2020-11-13,44,3,0.06818181818181818,2,1
185,2020-11-01,145515,FREEBURG CARE CENTER,746 URBANNA DRIVE,FREEBURG,IL,62243,Y,Y,0.0,1.0,0.0,0.0,0.0,2.0,0.0,12.0,0.0,0.0,108.0,95.0,,,,,Y,N,N,N,N,N,N,1-2 DAYS,N,N,N,N,N,N,Y,N,N,N,N,N,N,1-2 DAYS,Y,N,N,Y,N,N,Y,1.0,2.0,Y,0.0,10.0,0.0,15.0,0.0,0.0,N,N,N,N,Y,Y,Y,Y,Y,Y,Y,Y,Y,N,Y,Y,N,,,,,0.0,0.0,,St. Clair,N,N,POINT (-89.896154 38.410795),2020-11-13,12,0,0.0,1,1
186,2020-11-01,145897,LEBANON CARE CENTER,1201 NORTH ALTON,LEBANON,IL,62254,Y,Y,0.0,10.0,0.0,54.0,0.0,14.0,0.0,22.0,0.0,11.0,90.0,57.0,,,,,Y,N,N,N,N,N,N,3-7 DAYS,Y,N,N,N,Y,N,Y,N,N,N,N,N,N,3-7 DAYS,Y,N,N,N,Y,N,Y,0.0,42.0,Y,0.0,24.0,0.0,1.0,0.0,0.0,N,N,N,N,Y,Y,Y,Y,Y,Y,Y,Y,Y,Y,Y,Y,N,,,,,947.4,193.0,20.4,St. Clair,N,N,POINT (-89.815254 38.61632300000001),2020-11-13,80,13,0.1625,1,1
187,2020-11-01,145102,MEMORIAL CARE CENTER,4315 MEMORIAL DRIVE,BELLEVILLE,IL,62226,Y,Y,2.0,59.0,0.0,27.0,0.0,0.0,0.0,6.0,0.0,6.0,82.0,48.0,,,,,Y,N,N,N,N,N,N,1-2 DAYS,Y,N,N,N,Y,N,Y,N,N,N,N,N,N,1-2 DAYS,Y,N,N,N,Y,N,N,,,,2.0,38.0,0.0,0.0,0.0,0.0,N,N,N,N,Y,Y,Y,Y,Y,Y,Y,Y,Y,Y,Y,Y,N,,,,,562.5,125.0,22.2,St. Clair,N,N,POINT (-90.01982700000002 38.5489),2020-11-13,52,8,0.15384615384615385,2,1
188,2020-11-01,146115,NEW ATHENS HOME FOR THE AGED,203 SOUTH JOHNSON STREET,NEW ATHENS,IL,62264,N,,0.0,0.0,0.0,1.0,0.0,0.0,0.0,0.0,0.0,0.0,,,,,,,,,,,,,,,,,,,,,,,,,,,,,,,,,,,,,,,0.0,0.0,0.0,0.0,0.0,0.0,,,,,,,,,,,,,,,,,,,,,,,,0.0,St. Clair,,,POINT (-89.877346 38.323483),2020-11-13,57,8,0.14035087719298245,1,1
189,2020-11-01,145895,STEPHENSON NURSING CENTER,2946 SOUTH WALNUT ROAD,FREEPORT,IL,61032,Y,Y,0.0,0.0,4.0,28.0,1.0,1.0,0.0,3.0,0.0,1.0,148.0,27.0,,,,,Y,N,N,N,N,N,N,1-2 DAYS,Y,N,N,N,Y,N,Y,N,N,N,N,N,N,1-2 DAYS,Y,N,N,N,Y,N,Y,5.0,1.0,Y,2.0,82.0,0.0,0.0,0.0,0.0,Y,Y,Y,Y,Y,Y,Y,Y,Y,Y,Y,Y,Y,Y,Y,Y,N,,,,,1037.0,37.0,3.6,Stephenson,Y,N,POINT (-89.621019 42.260716),2020-11-13,30,5,0.16666666666666666,2,1
190,2020-11-01,145436,APOSTOLIC CHRISTIAN RESTMOR,1500 PARKSIDE AVENUE,MORTON,IL,61550,Y,Y,0.0,1.0,0.0,2.0,0.0,0.0,1.0,11.0,0.0,0.0,116.0,93.0,,,,,Y,N,N,N,N,N,N,1-2 DAYS,Y,N,N,N,Y,N,Y,N,N,N,N,N,N,1-2 DAYS,Y,N,N,N,Y,N,Y,0.0,0.0,Y,1.0,10.0,0.0,3.0,0.0,0.0,N,N,N,N,Y,Y,Y,Y,Y,Y,Y,Y,Y,Y,Y,Y,N,,,,,21.5,0.0,0.0,Tazewell,N,N,POINT (-89.45237 40.596491),2020-11-13,12,0,0.0,1,1
191,2020-11-01,145524,GENERATIONS AT RIVERVIEW,500 CENTENNIAL DRIVE,EAST PEORIA,IL,61611,Y,Y,0.0,1.0,2.0,27.0,0.0,0.0,1.0,3.0,0.0,1.0,71.0,34.0,,,,,Y,N,N,N,N,N,N,1-2 DAYS,Y,N,N,Y,N,N,Y,N,N,N,N,N,N,1-2 DAYS,Y,N,N,Y,N,N,Y,0.0,0.0,N,5.0,31.0,0.0,0.0,0.0,0.0,N,N,N,N,Y,Y,Y,Y,Y,Y,Y,Y,Y,Y,Y,Y,N,,,,,794.1,29.4,3.7,Tazewell,N,N,POINT (-89.527666 40.704428),2020-11-13,9,2,0.2222222222222222,2,1
192,2020-11-01,145597,PEKIN MANOR,1520 EL CAMINO DRIVE,PEKIN,IL,61554,Y,Y,0.0,0.0,0.0,1.0,0.0,0.0,0.0,23.0,0.0,0.0,130.0,82.0,,,,,Y,N,N,N,N,N,N,1-2 DAYS,Y,N,N,N,Y,N,Y,N,N,N,N,N,N,1-2 DAYS,Y,N,N,N,Y,N,Y,0.0,0.0,Y,2.0,8.0,0.0,9.0,0.0,0.0,N,N,N,N,Y,Y,Y,Y,Y,Y,Y,Y,Y,Y,Y,Y,N,,,,,12.2,0.0,0.0,Tazewell,N,N,POINT (-89.629794 40.53993),2020-11-13,2,0,0.0,1,1
193,2020-11-01,145183,COLONIAL MANOR,620 WARRINGTON AVENUE,DANVILLE,IL,61832,Y,Y,1.0,1.0,3.0,9.0,1.0,8.0,0.0,19.0,0.0,0.0,90.0,65.0,,,,,Y,N,N,N,N,N,N,1-2 DAYS,Y,Y,Y,Y,Y,N,Y,N,N,N,N,N,N,1-2 DAYS,Y,Y,N,Y,Y,N,Y,7.0,4.0,Y,2.0,9.0,4.0,17.0,0.0,0.0,N,N,N,N,Y,Y,Y,Y,Y,Y,Y,Y,Y,Y,Y,Y,,,,,,138.5,0.0,0.0,Vermilion,Y,N,POINT (-87.654952 40.125515),2020-11-13,8,1,0.125,1,1
194,2020-11-01,145926,GARDENVIEW MANOR,14792 CATLIN TILTON ROAD,DANVILLE,IL,61834,Y,Y,0.0,13.0,6.0,10.0,5.0,5.0,0.0,11.0,0.0,0.0,213.0,68.0,,,,,Y,N,N,N,N,N,N,1-2 DAYS,Y,N,N,N,Y,N,Y,N,N,N,N,N,N,1-2 DAYS,Y,N,N,N,Y,N,Y,27.0,11.0,Y,5.0,8.0,0.0,0.0,0.0,0.0,N,N,N,N,Y,Y,Y,Y,Y,Y,Y,Y,Y,Y,Y,Y,N,,,,,147.1,0.0,0.0,Vermilion,Y,N,POINT (-87.663669 40.098308),2020-11-13,7,0,0.0,2,1
195,2020-11-01,146057,MONMOUTH NURSING HOME,117 SOUTH I STREET,MONMOUTH,IL,61462,Y,Y,0.0,0.0,0.0,10.0,0.0,1.0,0.0,34.0,0.0,2.0,59.0,32.0,,,,,Y,N,N,N,N,N,N,1-2 DAYS,Y,N,N,N,Y,N,Y,N,N,N,N,N,N,1-2 DAYS,Y,N,N,N,Y,N,Y,0.0,0.0,Y,0.0,7.0,0.0,0.0,0.0,0.0,N,N,N,N,Y,Y,Y,Y,Y,Y,Y,Y,Y,Y,Y,Y,N,,,,,312.5,62.5,20.0,Warren,N,N,POINT (-90.65942 40.912066),2020-11-13,12,2,0.16666666666666666,1,1
196,2020-11-01,146000,APERION CARE FAIRFIELD,305 N.W. 11TH STREET,FAIRFIELD,IL,62837,Y,Y,0.0,0.0,7.0,46.0,0.0,0.0,3.0,5.0,3.0,6.0,104.0,74.0,,,,,Y,N,N,N,N,N,N,3-7 DAYS,Y,Y,N,N,Y,N,Y,N,N,N,N,N,N,3-7 DAYS,Y,Y,N,N,Y,N,Y,0.0,0.0,Y,1.0,31.0,0.0,1.0,0.0,0.0,Y,N,Y,N,Y,Y,Y,Y,Y,Y,Y,Y,Y,Y,N,Y,N,,,,,621.6,81.1,13.0,Wayne,Y,N,POINT (-88.37442200000001 38.381642),2020-11-13,6,1,0.16666666666666666,1,1
197,2020-11-01,145552,FAIRFIELD MEMORIAL HOSPITAL,NORTH WEST 11TH STREET,FAIRFIELD,IL,62837,Y,Y,1.0,1.0,1.0,12.0,0.0,0.0,1.0,6.0,1.0,6.0,30.0,12.0,,,,,Y,N,N,N,N,N,N,<1 DAY,Y,N,N,Y,Y,N,Y,N,N,N,N,N,N,<1 DAY,Y,N,N,Y,Y,N,Y,4.0,22.0,Y,0.0,6.0,0.0,19.0,0.0,0.0,N,N,N,N,Y,Y,Y,Y,Y,Y,Y,Y,Y,Y,Y,Y,N,,,,,1000.0,500.0,50.0,Wayne,N,N,,2020-11-13,16,6,0.375,1,1
198,2020-11-01,146019,WABASH CHRISTIAN RETIREMENT,216 COLLEGE BOULEVARD,CARMI,IL,62821,Y,Y,2.0,3.0,9.0,30.0,2.0,42.0,3.0,39.0,3.0,5.0,156.0,128.0,,,,,Y,N,N,N,N,N,N,3-7 DAYS,Y,N,N,Y,N,N,Y,N,N,N,N,N,N,3-7 DAYS,Y,N,N,Y,N,N,Y,1.0,2.0,Y,4.0,35.0,12.0,100.0,0.0,0.0,N,N,N,N,Y,Y,Y,Y,Y,Y,Y,Y,Y,Y,Y,Y,N,,,,,234.4,39.1,16.7,White,Y,N,POINT (-88.171034 38.081162),2020-11-13,44,3,0.06818181818181818,1,1
199,2020-11-01,145615,REGENCY CARE OF STERLING,612 WEST ST MARY'S STREET,STERLING,IL,61081,Y,Y,6.0,47.0,1.0,14.0,0.0,8.0,0.0,4.0,0.0,1.0,130.0,63.0,,,,,Y,N,N,N,N,N,N,1-2 DAYS,Y,N,N,N,Y,N,Y,N,N,N,N,N,N,1-2 DAYS,Y,N,N,Y,Y,N,Y,1.0,13.0,Y,0.0,10.0,1.0,34.0,0.0,0.0,N,N,N,N,Y,Y,Y,Y,Y,Y,Y,Y,Y,Y,Y,Y,N,,,,,222.2,15.9,7.1,Whiteside,N,N,POINT (-89.70448 41.808659),2020-11-13,20,2,0.1,1,1
200,2020-11-01,145556,WINNING WHEELS,701 EAST 3RD STREET,PROPHETSTOWN,IL,61277,Y,Y,0.0,0.0,14.0,17.0,1.0,2.0,0.0,0.0,0.0,0.0,88.0,82.0,,,,,Y,N,N,N,N,N,N,1-2 DAYS,Y,Y,N,Y,N,N,Y,N,N,N,N,N,N,3-7 DAYS,Y,Y,N,Y,N,N,Y,42.0,70.0,Y,5.0,8.0,0.0,3.0,0.0,0.0,N,N,N,N,Y,Y,Y,Y,Y,Y,Y,Y,Y,Y,Y,Y,N,,,,,207.3,0.0,0.0,Whiteside,Y,N,POINT (-89.922898 41.670792),2020-11-13,3,0,0.0,1,1
201,2020-11-01,146183,ALDEN COURTS OF SHOREWOOD,700 WEST BLACK ROAD,SHOREWOOD,IL,60404,Y,Y,0.0,0.0,0.0,2.0,0.0,1.0,0.0,8.0,0.0,0.0,50.0,43.0,,,,,Y,N,N,N,N,N,N,3-7 DAYS,Y,N,N,Y,N,N,Y,N,N,N,N,N,N,3-7 DAYS,Y,N,N,N,Y,N,Y,0.0,0.0,Y,1.0,4.0,2.0,2.0,0.0,0.0,N,N,N,N,Y,Y,Y,Y,Y,Y,Y,Y,Y,Y,Y,Y,N,,,,,46.5,0.0,0.0,Will,N,N,POINT (-88.20584 41.536018),2020-11-13,18,1,0.05555555555555555,3,1
202,2020-11-01,146153,ALDEN ESTATES OF SHOREWOOD,710 W BLACK ROAD,SHOREWOOD,IL,60404,Y,Y,0.0,2.0,0.0,10.0,0.0,2.0,0.0,6.0,0.0,3.0,100.0,68.0,,,,,Y,N,N,N,N,N,N,1-2 DAYS,Y,N,N,N,Y,N,Y,N,N,N,N,N,N,1-2 DAYS,Y,N,N,N,Y,N,Y,0.0,0.0,Y,0.0,20.0,0.0,6.0,0.0,0.0,N,N,N,N,Y,Y,Y,Y,Y,Y,Y,Y,Y,Y,Y,Y,N,,,,,147.1,44.1,30.0,Will,N,N,POINT (-88.20740100000002 41.536006),2020-11-13,28,4,0.14285714285714285,1,1
203,2020-11-01,146153,ALDEN ESTATES OF SHOREWOOD,710 W BLACK ROAD,SHOREWOOD,IL,60404,Y,Y,0.0,2.0,0.0,10.0,0.0,2.0,0.0,6.0,0.0,3.0,100.0,68.0,,,,,Y,N,N,N,N,N,N,1-2 DAYS,Y,N,N,N,Y,N,Y,N,N,N,N,N,N,1-2 DAYS,Y,N,N,N,Y,N,Y,0.0,0.0,Y,0.0,20.0,0.0,6.0,0.0,0.0,N,N,N,N,Y,Y,Y,Y,Y,Y,Y,Y,Y,Y,Y,Y,N,,,,,147.1,44.1,30.0,Will,N,N,POINT (-88.20740100000002 41.536006),2020-11-13,4,0,0.0,1,1
204,2020-11-01,14E212,FRANKFORT TERRACE,40 NORTH SMITH,FRANKFORT,IL,60423,Y,N,0.0,1.0,29.0,60.0,2.0,109.0,3.0,5.0,2.0,2.0,120.0,83.0,,,,,Y,N,N,N,N,N,N,3-7 DAYS,Y,N,Y,N,N,N,Y,N,N,N,N,N,N,3-7 DAYS,Y,N,Y,N,N,N,Y,0.0,5.0,Y,5.0,16.0,0.0,1.0,0.0,0.0,N,N,N,N,Y,Y,Y,Y,Y,Y,Y,Y,Y,Y,Y,Y,N,,,,,722.9,24.1,3.3,Will,Y,N,,2020-11-13,95,2,0.021052631578947368,1,1
205,2020-11-01,14E247,JOLIET TERRACE,2230 MCDONOUGH,JOLIET,IL,60436,Y,N,0.0,0.0,0.0,0.0,0.0,0.0,0.0,0.0,0.0,0.0,120.0,98.0,,,,,Y,N,N,N,N,N,N,3-7 DAYS,Y,N,N,Y,N,N,Y,N,N,N,N,N,N,3-7 DAYS,Y,N,N,Y,N,N,N,,,,2.0,12.0,0.0,1.0,0.0,0.0,Y,Y,Y,Y,Y,N,Y,Y,Y,Y,Y,Y,Y,Y,Y,Y,N,,,,,0.0,0.0,,Will,N,N,POINT (-88.13718000000001 41.515061),2020-11-13,71,2,0.028169014084507043,3,1
206,2020-11-01,145694,LAKESHORE REHAB & HEALTHCARE,3401 HENNEPIN DRIVE,JOLIET,IL,60435,Y,Y,0.0,0.0,0.0,2.0,0.0,13.0,0.0,0.0,0.0,0.0,120.0,91.0,,,,,Y,N,N,N,N,N,N,3-7 DAYS,Y,N,N,Y,N,N,Y,N,N,N,N,N,N,3-7 DAYS,Y,N,N,Y,N,N,Y,0.0,0.0,Y,0.0,9.0,0.0,12.0,0.0,0.0,N,N,N,N,Y,Y,Y,Y,Y,Y,Y,Y,Y,Y,Y,Y,N,,,,,22.0,0.0,0.0,Will,N,N,POINT (-88.16751000000001 41.57297),2020-11-13,10,0,0.0,2,1
207,2020-11-01,145029,PRESENCE VILLA FRANCISCAN,210 NORTH SPRINGFIELD AVENUE,JOLIET,IL,60435,Y,Y,0.0,51.0,1.0,58.0,0.0,1.0,1.0,31.0,0.0,16.0,154.0,86.0,,,,,Y,N,N,N,N,N,N,3-7 DAYS,Y,N,N,Y,N,N,Y,N,N,N,N,N,N,3-7 DAYS,Y,N,N,Y,N,N,N,,,,2.0,35.0,0.0,5.0,0.0,0.0,N,N,N,N,Y,Y,Y,Y,Y,Y,Y,Y,Y,Y,Y,Y,,,,,,674.4,186.0,27.6,Will,N,N,POINT (-88.13760600000002 41.525737),2020-11-13,102,18,0.17647058823529413,2,1
208,2020-11-01,145372,SYMPHONY OF JOLIET,306 NORTH LARKIN AVENUE,JOLIET,IL,60435,Y,Y,0.0,3.0,0.0,77.0,0.0,0.0,2.0,35.0,0.0,26.0,195.0,85.0,,,,,Y,N,N,N,N,N,N,3-7 DAYS,Y,N,N,N,Y,N,Y,N,N,N,N,N,N,3-7 DAYS,Y,N,N,N,Y,N,Y,0.0,5.0,Y,2.0,56.0,0.0,5.0,0.0,2.0,N,N,Y,N,Y,Y,Y,Y,Y,Y,Y,Y,Y,Y,Y,Y,N,,,,,905.9,305.9,33.8,Will,N,N,POINT (-88.124813 41.527859),2020-11-13,130,25,0.19230769230769232,1,1
209,2020-11-01,145372,SYMPHONY OF JOLIET,306 NORTH LARKIN AVENUE,JOLIET,IL,60435,Y,Y,0.0,3.0,0.0,77.0,0.0,0.0,2.0,35.0,0.0,26.0,195.0,85.0,,,,,Y,N,N,N,N,N,N,3-7 DAYS,Y,N,N,N,Y,N,Y,N,N,N,N,N,N,3-7 DAYS,Y,N,N,N,Y,N,Y,0.0,5.0,Y,2.0,56.0,0.0,5.0,0.0,2.0,N,N,Y,N,Y,Y,Y,Y,Y,Y,Y,Y,Y,Y,Y,Y,N,,,,,905.9,305.9,33.8,Will,N,N,POINT (-88.124813 41.527859),2020-11-13,9,0,0.0,2,1
210,2020-11-01,145841,PARKWAY MANOR,3116 WILLIAMSON COUNTY PARKWAY,MARION,IL,62959,Y,Y,0.0,3.0,0.0,52.0,0.0,0.0,1.0,25.0,1.0,19.0,131.0,53.0,,,,,Y,N,N,N,N,N,N,1-2 DAYS,Y,N,N,N,Y,N,Y,N,N,N,N,N,N,1-2 DAYS,Y,N,N,N,Y,N,N,,,,0.0,50.0,0.0,0.0,0.0,0.0,N,N,N,N,N,N,Y,Y,Y,Y,Y,Y,Y,Y,Y,Y,N,,,,,981.1,358.5,36.5,Williamson,N,N,POINT (-88.982944 37.750143),2020-11-13,94,21,0.22340425531914893,1,1
211,2020-11-01,146036,SHAWNEE SENIOR LIVING,1901 13TH STREET,HERRIN,IL,62948,N,,0.0,6.0,0.0,70.0,0.0,0.0,0.0,34.0,0.0,14.0,148.0,68.0,,,,,,,,,,,,,,,,,,,,,,,,,,,,,,,,,,,,,0.0,47.0,0.0,6.0,0.0,0.0,,,,,,,,,,,,,,,,,,,,,,1029.4,205.9,20.0,Williamson,,,POINT (-89.025405 37.821002),2020-11-13,121,18,0.1487603305785124,1,1
212,2020-11-01,145259,ALDEN PARK STRATHMOOR,5668 STRATHMOOR DRIVE,ROCKFORD,IL,61107,Y,Y,0.0,2.0,0.0,0.0,0.0,0.0,0.0,10.0,0.0,0.0,189.0,144.0,,,,,Y,N,N,N,N,N,N,3-7 DAYS,Y,N,N,Y,Y,N,Y,N,N,N,N,N,N,3-7 DAYS,Y,N,N,Y,Y,N,Y,0.0,0.0,Y,0.0,4.0,0.0,0.0,0.0,0.0,N,N,N,N,Y,Y,Y,Y,Y,Y,Y,Y,Y,Y,Y,Y,Y,18.0,0.0,Y,Y,0.0,0.0,,Winnebago,N,N,POINT (-89.005866 42.269059),2020-11-13,31,0,0.0,1,1
213,2020-11-01,146066,ALPINE FIRESIDE HEALTH CENTER,3650 NORTH ALPINE ROAD,ROCKFORD,IL,61114,Y,Y,0.0,0.0,3.0,24.0,0.0,1.0,1.0,3.0,1.0,3.0,99.0,42.0,,,,,Y,N,N,N,N,N,N,1-2 DAYS,Y,Y,Y,Y,Y,N,Y,N,N,N,N,N,N,1-2 DAYS,Y,Y,Y,Y,Y,N,Y,0.0,0.0,Y,5.0,19.0,0.0,1.0,0.0,0.0,Y,Y,Y,Y,Y,Y,Y,Y,Y,Y,Y,Y,Y,Y,Y,Y,N,,,,,571.4,71.4,12.5,Winnebago,Y,N,POINT (-89.029228 42.310205),2020-11-13,38,4,0.10526315789473684,2,1
214,2020-11-01,145495,MEDINA NURSING CENTER,402 SOUTH CENTER STREET,DURAND,IL,61024,Y,Y,0.0,0.0,1.0,1.0,0.0,0.0,0.0,5.0,0.0,0.0,74.0,62.0,,,,,Y,N,N,N,N,N,N,1-2 DAYS,Y,N,N,Y,N,N,Y,N,N,N,N,N,N,1-2 DAYS,Y,N,N,Y,Y,N,Y,0.0,0.0,Y,1.0,1.0,0.0,0.0,0.0,0.0,N,N,N,N,Y,N,Y,Y,Y,Y,Y,N,Y,Y,Y,Y,N,,,,,16.1,0.0,0.0,Winnebago,N,Y,POINT (-89.332064 42.43604),2020-11-13,13,0,0.0,1,1
215,2020-11-01,145771,RIVER BLUFF NURSING HOME,4401 NORTH MAIN STREET,ROCKFORD,IL,61103,Y,Y,1.0,2.0,0.0,49.0,0.0,18.0,2.0,23.0,0.0,9.0,304.0,138.0,,,,,Y,N,N,N,N,N,N,3-7 DAYS,Y,N,N,N,Y,N,Y,N,N,N,N,N,N,3-7 DAYS,Y,N,N,N,Y,N,Y,0.0,109.0,Y,2.0,32.0,0.0,45.0,0.0,0.0,N,N,N,N,Y,Y,Y,Y,Y,Y,Y,Y,Y,Y,Y,Y,N,,,,,355.1,65.2,18.4,Winnebago,N,N,POINT (-89.077315 42.322742),2020-11-13,82,10,0.12195121951219512,2,1
216,2020-11-01,145818,ROCK RIVER HEALTH CARE,707 WEST RIVERSIDE BOULEVARD,ROCKFORD,IL,61103,Y,Y,0.0,10.0,1.0,16.0,0.0,2.0,0.0,18.0,0.0,17.0,130.0,79.0,,,,,Y,N,N,N,N,N,N,3-7 DAYS,Y,N,N,N,Y,N,Y,N,N,N,N,N,N,3-7 DAYS,Y,N,N,N,Y,N,Y,0.0,0.0,Y,1.0,48.0,0.0,4.0,0.0,0.0,N,N,N,N,Y,Y,Y,Y,Y,Y,Y,Y,Y,Y,Y,Y,N,,,,,202.5,215.2,106.3,Winnebago,N,N,POINT (-89.071649 42.3158),2020-11-13,21,2,0.09523809523809523,1,1
