STATE,OWNERSHIP,PROVNUM,OWNERSHIP,BEDCERT,RESTOT,INCIDENT_CNT,CMPLNT_CNT,FINE_CNT,FINE_TOT,PAYDEN_CNT,TOT_PENLTY_CNT
AK,For profit - Corporation,2,2,2,2,2,2,2,2,2,2
AK,For profit - Limited Liability company,1,1,1,1,1,1,1,1,1,1
AK,Government - City,3,3,3,3,3,3,3,3,3,3
AK,Government - City/county,2,2,2,2,2,2,2,2,2,2
AK,Government - Federal,1,1,1,1,1,1,1,1,1,1
AK,Non profit - Church related,3,3,3,3,3,3,3,3,3,3
AK,Non profit - Corporation,8,8,8,8,8,8,8,8,8,8
AL,For profit - Corporation,159,159,159,159,159,159,159,159,159,159
AL,For profit - Individual,9,9,9,9,9,9,9,9,9,9
AL,For profit - Limited Liability company,8,8,8,8,8,8,8,8,8,8
AL,For profit - Partnership,9,9,9,9,9,9,9,9,9,9
AL,Government - City,3,3,3,3,3,3,3,3,3,3
AL,Government - County,10,10,10,10,10,10,10,10,10,10
AL,Non profit - Church related,4,4,4,4,4,4,4,4,4,4
AL,Non profit - Corporation,18,18,18,18,18,18,18,18,18,18
AL,Non profit - Other,7,7,7,7,7,7,7,7,7,7
AR,For profit - Corporation,71,71,71,71,71,71,71,71,71,71
AR,For profit - Limited Liability company,104,104,104,104,104,104,104,104,104,104
AR,Government - City,1,1,1,1,1,1,1,1,1,1
AR,Government - County,6,6,6,6,6,6,6,6,6,6
AR,Government - State,3,3,3,3,3,3,3,3,3,3
AR,Non profit - Corporation,39,39,39,39,39,39,39,39,39,39
AZ,For profit - Corporation,75,75,75,75,75,75,75,75,75,75
AZ,For profit - Individual,1,1,1,1,1,1,1,1,1,1
AZ,For profit - Limited Liability company,33,33,33,33,33,33,33,33,33,33
AZ,For profit - Partnership,10,10,10,10,10,10,10,10,10,10
AZ,Government - Federal,2,2,2,2,2,2,2,2,2,2
AZ,Government - State,2,2,2,2,2,2,2,2,2,2
AZ,Non profit - Church related,1,1,1,1,1,1,1,1,1,1
AZ,Non profit - Corporation,19,19,19,19,19,19,19,19,19,19
AZ,Non profit - Other,2,2,2,2,2,2,2,2,2,2
CA,For profit - Corporation,661,661,661,660,661,661,661,661,661,661
CA,For profit - Individual,84,84,84,83,84,84,84,84,84,84
CA,For profit - Limited Liability company,174,174,174,174,174,174,174,174,174,174
CA,For profit - Partnership,78,78,78,78,78,78,78,78,78,78
CA,Government - City,1,1,1,1,1,1,1,1,1,1
CA,Government - City/county,2,2,2,2,2,2,2,2,2,2
CA,Government - County,4,4,4,4,4,4,4,4,4,4
CA,Government - Federal,1,1,1,1,1,1,1,1,1,1
CA,Government - Hospital district,20,20,20,20,20,20,20,20,20,20
CA,Government - State,8,8,8,8,8,8,8,8,8,8
CA,Non profit - Church related,18,18,18,18,18,18,18,18,18,18
CA,Non profit - Corporation,120,120,120,120,120,120,120,120,120,120
CA,Non profit - Other,16,16,16,16,16,16,16,16,16,16
CO,For profit - Corporation,148,148,148,148,148,148,148,148,148,148
CO,For profit - Individual,12,12,12,12,12,12,12,12,12,12
CO,For profit - Limited Liability company,8,8,8,8,8,8,8,8,8,8
CO,For profit - Partnership,12,12,12,12,12,12,12,12,12,12
CO,Government - City/county,1,1,1,1,1,1,1,1,1,1
CO,Government - County,6,6,6,6,6,6,6,6,6,6
CO,Government - Hospital district,6,6,6,6,6,6,6,6,6,6
CO,Government - State,4,4,4,4,4,4,4,4,4,4
CO,Non profit - Church related,4,4,4,4,4,4,4,4,4,4
CO,Non profit - Corporation,24,24,24,24,24,24,24,24,24,24
CT,For profit - Corporation,123,123,123,123,123,123,123,123,123,123
CT,For profit - Individual,9,9,9,9,9,9,9,9,9,9
CT,For profit - Limited Liability company,30,30,30,30,30,30,30,30,30,30
CT,For profit - Partnership,14,14,14,14,14,14,14,14,14,14
CT,Government - City,1,1,1,1,1,1,1,1,1,1
CT,Government - State,1,1,1,1,1,1,1,1,1,1
CT,Non profit - Church related,5,5,5,5,5,5,5,5,5,5
CT,Non profit - Corporation,27,27,27,27,27,27,27,27,27,27
CT,Non profit - Other,2,2,2,2,2,2,2,2,2,2
DC,For profit - Corporation,8,8,8,8,8,8,8,8,8,8
DC,For profit - Limited Liability company,2,2,2,2,2,2,2,2,2,2
DC,Non profit - Corporation,9,9,9,9,9,9,9,9,9,9
DE,For profit - Corporation,20,20,20,20,20,20,20,20,20,20
DE,For profit - Individual,3,3,3,3,3,3,3,3,3,3
DE,For profit - Limited Liability company,3,3,3,3,3,3,3,3,3,3
DE,For profit - Partnership,3,3,3,3,3,3,3,3,3,3
DE,Government - State,2,2,2,2,2,2,2,2,2,2
DE,Non profit - Corporation,12,12,12,12,12,12,12,12,12,12
DE,Non profit - Other,3,3,3,3,3,3,3,3,3,3
FL,For profit - Corporation,379,379,379,377,379,379,379,379,379,379
FL,For profit - Individual,28,28,28,28,28,28,28,28,28,28
FL,For profit - Limited Liability company,69,69,69,69,69,69,69,69,69,69
FL,For profit - Partnership,15,15,15,15,15,15,15,15,15,15
FL,Government - City,1,1,1,1,1,1,1,1,1,1
FL,Government - City/county,1,1,1,1,1,1,1,1,1,1
FL,Government - County,3,3,3,3,3,3,3,3,3,3
FL,Government - Hospital district,4,4,4,4,4,4,4,4,4,4
FL,Government - State,6,6,6,6,6,6,6,6,6,6
FL,Non profit - Church related,12,12,12,12,12,12,12,12,12,12
FL,Non profit - Corporation,140,140,140,139,140,140,140,140,140,140
FL,Non profit - Other,43,43,43,43,43,43,43,43,43,43
GA,For profit - Corporation,191,191,191,191,191,191,191,191,191,191
GA,For profit - Individual,15,15,15,15,15,15,15,15,15,15
GA,For profit - Limited Liability company,16,16,16,16,16,16,16,16,16,16
GA,For profit - Partnership,14,14,14,14,14,14,14,14,14,14
GA,Government - City/county,3,3,3,3,3,3,3,3,3,3
GA,Government - County,5,5,5,5,5,5,5,5,5,5
GA,Government - Hospital district,4,4,4,4,4,4,4,4,4,4
GA,Government - State,2,2,2,2,2,2,2,2,2,2
GA,Non profit - Church related,4,4,4,4,4,4,4,4,4,4
GA,Non profit - Corporation,42,42,42,42,42,42,42,42,42,42
GA,Non profit - Other,61,61,61,61,61,61,61,61,61,61
GU,Government - State,1,1,1,1,1,1,1,1,1,1
HI,For profit - Corporation,18,18,18,18,18,18,18,18,18,18
HI,For profit - Individual,1,1,1,1,1,1,1,1,1,1
HI,For profit - Limited Liability company,4,4,4,4,4,4,4,4,4,4
HI,For profit - Partnership,3,3,3,3,3,3,3,3,3,3
HI,Government - State,6,6,6,6,6,6,6,6,6,6
HI,Non profit - Corporation,10,10,10,10,10,10,10,10,10,10
HI,Non profit - Other,1,1,1,1,1,1,1,1,1,1
IA,For profit - Corporation,198,198,198,198,198,198,198,198,198,198
IA,For profit - Individual,12,12,12,12,12,12,12,12,12,12
IA,For profit - Limited Liability company,11,11,11,11,11,11,11,11,11,11
IA,For profit - Partnership,15,15,15,15,15,15,15,15,15,15
IA,Government - City,3,3,3,3,3,3,3,3,3,3
IA,Government - County,7,7,7,7,7,7,7,7,7,7
IA,Government - Hospital district,1,1,1,1,1,1,1,1,1,1
IA,Government - State,1,1,1,1,1,1,1,1,1,1
IA,Non profit - Church related,21,21,21,21,21,21,21,21,21,21
IA,Non profit - Corporation,146,146,146,146,146,146,146,146,146,146
IA,Non profit - Other,17,17,17,17,17,17,17,17,17,17
ID,For profit - Corporation,43,43,43,43,43,43,43,43,43,43
ID,For profit - Individual,2,2,2,2,2,2,2,2,2,2
ID,For profit - Limited Liability company,14,14,14,14,14,14,14,14,14,14
ID,For profit - Partnership,2,2,2,2,2,2,2,2,2,2
ID,Government - County,6,6,6,6,6,6,6,6,6,6
ID,Government - Hospital district,1,1,1,1,1,1,1,1,1,1
ID,Government - State,4,4,4,4,4,4,4,4,4,4
ID,Non profit - Church related,2,2,2,2,2,2,2,2,2,2
ID,Non profit - Corporation,8,8,8,8,8,8,8,8,8,8
IL,For profit - Corporation,347,347,347,347,347,347,347,347,347,347
IL,For profit - Individual,65,65,65,65,65,65,65,65,65,65
IL,For profit - Limited Liability company,64,64,64,63,64,64,64,64,64,64
IL,For profit - Partnership,54,54,54,54,54,54,54,54,54,54
IL,Government - City/county,2,2,2,2,2,2,2,2,2,2
IL,Government - County,17,17,17,17,17,17,17,17,17,17
IL,Government - Federal,2,2,2,2,2,2,2,2,2,2
IL,Government - Hospital district,2,2,2,2,2,2,2,2,2,2
IL,Non profit - Church related,40,40,40,40,40,40,40,40,40,40
IL,Non profit - Corporation,99,99,99,99,99,99,99,99,99,99
IL,Non profit - Other,23,23,23,23,23,23,23,23,23,23
IN,For profit - Corporation,226,226,226,226,226,226,226,226,226,226
IN,For profit - Individual,13,13,13,13,13,13,13,13,13,13
IN,For profit - Limited Liability company,4,4,4,3,4,4,4,4,4,4
IN,For profit - Partnership,6,6,6,6,6,6,6,6,6,6
IN,Government - City,2,2,2,2,2,2,2,2,2,2
IN,Government - City/county,25,25,25,25,25,25,25,25,25,25
IN,Government - County,105,105,105,105,105,105,105,105,105,105
IN,Government - Hospital district,3,3,3,3,3,3,3,3,3,3
IN,Government - State,1,1,1,1,1,1,1,1,1,1
IN,Non profit - Church related,12,12,12,12,12,12,12,12,12,12
IN,Non profit - Corporation,111,111,111,111,111,111,111,111,111,111
IN,Non profit - Other,26,26,26,26,26,26,26,26,26,26
KS,For profit - Corporation,155,155,155,155,155,155,155,155,155,155
KS,For profit - Individual,15,15,15,15,15,15,15,15,15,15
KS,For profit - Limited Liability company,3,3,3,3,3,3,3,3,3,3
KS,For profit - Partnership,8,8,8,8,8,8,8,8,8,8
KS,Government - City,3,3,3,3,3,3,3,3,3,3
KS,Government - City/county,2,2,2,2,2,2,2,2,2,2
KS,Government - County,9,9,9,9,9,9,9,9,9,9
KS,Government - Hospital district,9,9,9,9,9,9,9,9,9,9
KS,Government - State,12,12,12,12,12,12,12,12,12,12
KS,Non profit - Church related,16,16,16,16,16,16,16,16,16,16
KS,Non profit - Corporation,86,86,86,86,86,86,86,86,86,86
KS,Non profit - Other,9,9,9,9,9,9,9,9,9,9
KY,For profit - Corporation,186,186,186,185,186,186,186,186,186,186
KY,For profit - Individual,18,18,18,18,18,18,18,18,18,18
KY,For profit - Limited Liability company,13,13,13,13,13,13,13,13,13,13
KY,For profit - Partnership,12,12,12,12,12,12,12,12,12,12
KY,Government - City/county,1,1,1,1,1,1,1,1,1,1
KY,Government - State,6,6,6,6,6,6,6,6,6,6
KY,Non profit - Church related,9,9,9,9,9,9,9,9,9,9
KY,Non profit - Corporation,34,34,34,33,34,34,34,34,34,34
KY,Non profit - Other,6,6,6,6,6,6,6,6,6,6
LA,For profit - Corporation,153,153,153,153,153,153,153,153,153,153
LA,For profit - Individual,12,12,12,12,12,12,12,12,12,12
LA,For profit - Limited Liability company,35,35,35,35,35,35,35,35,35,35
LA,For profit - Partnership,20,20,20,20,20,20,20,20,20,20
LA,Government - Federal,1,1,1,1,1,1,1,1,1,1
LA,Government - Hospital district,5,5,5,5,5,5,5,5,5,5
LA,Government - State,6,6,6,6,6,6,6,6,6,6
LA,Non profit - Church related,7,7,7,7,7,7,7,7,7,7
LA,Non profit - Corporation,34,34,34,34,34,34,34,34,34,34
LA,Non profit - Other,4,4,4,4,4,4,4,4,4,4
MA,For profit - Corporation,207,207,207,207,207,207,207,207,207,207
MA,For profit - Individual,15,15,15,15,15,15,15,15,15,15
MA,For profit - Limited Liability company,6,6,6,6,6,6,6,6,6,6
MA,For profit - Partnership,35,35,35,35,35,35,35,35,35,35
MA,Government - City,1,1,1,1,1,1,1,1,1,1
MA,Government - City/county,1,1,1,1,1,1,1,1,1,1
MA,Government - State,1,1,1,1,1,1,1,1,1,1
MA,Non profit - Church related,8,8,8,8,8,8,8,8,8,8
MA,Non profit - Corporation,93,93,93,93,93,93,93,93,93,93
MA,Non profit - Other,6,6,6,6,6,6,6,6,6,6
MD,For profit - Corporation,131,131,131,131,131,131,131,131,131,131
MD,For profit - Individual,8,8,8,8,8,8,8,8,8,8
MD,For profit - Limited Liability company,15,15,15,15,15,15,15,15,15,15
MD,For profit - Partnership,12,12,12,12,12,12,12,12,12,12
MD,Government - City/county,2,2,2,2,2,2,2,2,2,2
MD,Government - County,1,1,1,1,1,1,1,1,1,1
MD,Government - Federal,1,1,1,1,1,1,1,1,1,1
MD,Government - State,2,2,2,2,2,2,2,2,2,2
MD,Non profit - Church related,9,9,9,9,9,9,9,9,9,9
MD,Non profit - Corporation,38,38,38,38,38,38,38,38,38,38
MD,Non profit - Other,7,7,7,7,7,7,7,7,7,7
ME,For profit - Corporation,62,62,62,62,62,62,62,62,62,62
ME,For profit - Individual,2,2,2,2,2,2,2,2,2,2
ME,For profit - Limited Liability company,1,1,1,1,1,1,1,1,1,1
ME,For profit - Partnership,2,2,2,2,2,2,2,2,2,2
ME,Government - City,1,1,1,1,1,1,1,1,1,1
ME,Non profit - Corporation,21,21,21,21,21,21,21,21,21,21
ME,Non profit - Other,4,4,4,4,4,4,4,4,4,4
MI,For profit - Corporation,210,210,210,210,210,210,210,210,210,210
MI,For profit - Individual,45,45,45,45,45,45,45,45,45,45
MI,For profit - Limited Liability company,26,26,26,26,26,26,26,26,26,26
MI,For profit - Partnership,21,21,21,21,21,21,21,21,21,21
MI,Government - City/county,1,1,1,1,1,1,1,1,1,1
MI,Government - County,34,34,34,34,34,34,34,34,34,34
MI,Government - Hospital district,1,1,1,1,1,1,1,1,1,1
MI,Government - State,1,1,1,1,1,1,1,1,1,1
MI,Non profit - Church related,8,8,8,8,8,8,8,8,8,8
MI,Non profit - Corporation,71,71,71,71,71,71,71,71,71,71
MI,Non profit - Other,20,20,20,20,20,20,20,20,20,20
MN,For profit - Corporation,97,97,97,97,97,97,97,97,97,97
MN,For profit - Individual,6,6,6,6,6,6,6,6,6,6
MN,For profit - Partnership,10,10,10,10,10,10,10,10,10,10
MN,Government - City,15,15,15,15,15,15,15,15,15,15
MN,Government - City/county,1,1,1,1,1,1,1,1,1,1
MN,Government - County,5,5,5,5,5,5,5,5,5,5
MN,Government - Hospital district,6,6,6,6,6,6,6,6,6,6
MN,Government - State,4,4,4,4,4,4,4,4,4,4
MN,Non profit - Church related,43,43,43,43,43,43,43,43,43,43
MN,Non profit - Corporation,169,169,169,169,169,169,169,169,169,169
MN,Non profit - Other,11,11,11,11,11,11,11,11,11,11
MO,For profit - Corporation,271,271,271,271,271,271,271,271,271,271
MO,For profit - Individual,66,66,66,66,66,66,66,66,66,66
MO,For profit - Limited Liability company,54,54,54,54,54,54,54,54,54,54
MO,For profit - Partnership,9,9,9,9,9,9,9,9,9,9
MO,Government - City,3,3,3,3,3,3,3,3,3,3
MO,Government - City/county,2,2,2,2,2,2,2,2,2,2
MO,Government - County,24,24,24,24,24,24,24,24,24,24
MO,Government - Hospital district,1,1,1,1,1,1,1,1,1,1
MO,Non profit - Church related,13,13,13,13,13,13,13,13,13,13
MO,Non profit - Corporation,66,66,66,66,66,66,66,66,66,66
MO,Non profit - Other,12,12,12,12,12,12,12,12,12,12
MS,For profit - Corporation,123,123,123,122,123,123,123,123,123,123
MS,For profit - Individual,12,12,12,12,12,12,12,12,12,12
MS,For profit - Limited Liability company,13,13,13,13,13,13,13,13,13,13
MS,For profit - Partnership,11,11,11,11,11,11,11,11,11,11
MS,Government - City/county,5,5,5,5,5,5,5,5,5,5
MS,Government - County,15,15,15,15,15,15,15,15,15,15
MS,Government - State,6,6,6,6,6,6,6,6,6,6
MS,Non profit - Corporation,18,18,18,18,18,18,18,18,18,18
MS,Non profit - Other,1,1,1,1,1,1,1,1,1,1
MT,For profit - Corporation,24,24,24,24,24,24,24,24,24,24
MT,For profit - Individual,3,3,3,3,3,3,3,3,3,3
MT,For profit - Limited Liability company,9,9,9,9,9,9,9,9,9,9
MT,For profit - Partnership,2,2,2,2,2,2,2,2,2,2
MT,Government - City/county,1,1,1,1,1,1,1,1,1,1
MT,Government - County,5,5,5,5,5,5,5,5,5,5
MT,Government - State,2,2,2,2,2,2,2,2,2,2
MT,Non profit - Church related,3,3,3,3,3,3,3,3,3,3
MT,Non profit - Corporation,18,18,18,18,18,18,18,18,18,18
MT,Non profit - Other,3,3,3,3,3,3,3,3,3,3
NC,For profit - Corporation,271,271,271,268,271,271,271,271,271,271
NC,For profit - Individual,8,8,8,7,8,8,8,8,8,8
NC,For profit - Limited Liability company,56,56,56,56,56,56,56,56,56,56
NC,For profit - Partnership,12,12,12,12,12,12,12,12,12,12
NC,Government - County,1,1,1,1,1,1,1,1,1,1
NC,Government - Federal,1,1,1,1,1,1,1,1,1,1
NC,Government - Hospital district,1,1,1,1,1,1,1,1,1,1
NC,Government - State,6,6,6,6,6,6,6,6,6,6
NC,Non profit - Church related,12,12,12,12,12,12,12,12,12,12
NC,Non profit - Corporation,51,51,51,51,51,51,51,51,51,51
NC,Non profit - Other,8,8,8,8,8,8,8,8,8,8
ND,For profit - Corporation,3,3,3,3,3,3,3,3,3,3
ND,Government - City,2,2,2,2,2,2,2,2,2,2
ND,Government - State,1,1,1,1,1,1,1,1,1,1
ND,Non profit - Church related,15,15,15,14,15,15,15,15,15,15
ND,Non profit - Corporation,58,58,58,58,58,58,58,58,58,58
ND,Non profit - Other,1,1,1,1,1,1,1,1,1,1
NE,For profit - Corporation,59,59,59,59,59,59,59,59,59,59
NE,For profit - Individual,8,8,8,8,8,8,8,8,8,8
NE,For profit - Limited Liability company,5,5,5,5,5,5,5,5,5,5
NE,For profit - Partnership,1,1,1,1,1,1,1,1,1,1
NE,Government - City,22,22,22,22,22,22,22,22,22,22
NE,Government - City/county,9,9,9,9,9,9,9,9,9,9
NE,Government - County,4,4,4,4,4,4,4,4,4,4
NE,Government - Federal,1,1,1,1,1,1,1,1,1,1
NE,Government - Hospital district,4,4,4,4,4,4,4,4,4,4
NE,Non profit - Church related,4,4,4,4,4,4,4,4,4,4
NE,Non profit - Corporation,74,74,74,74,74,74,74,74,74,74
NE,Non profit - Other,5,5,5,5,5,5,5,5,5,5
NH,For profit - Corporation,46,46,46,46,46,46,46,46,46,46
NH,For profit - Partnership,1,1,1,1,1,1,1,1,1,1
NH,Government - City/county,1,1,1,1,1,1,1,1,1,1
NH,Government - County,9,9,9,9,9,9,9,9,9,9
NH,Government - State,1,1,1,1,1,1,1,1,1,1
NH,Non profit - Church related,5,5,5,5,5,5,5,5,5,5
NH,Non profit - Corporation,11,11,11,10,11,11,11,11,11,11
NJ,For profit - Corporation,131,131,131,129,131,131,131,131,131,131
NJ,For profit - Individual,20,20,20,20,20,20,20,20,20,20
NJ,For profit - Limited Liability company,82,82,82,82,82,82,82,82,82,82
NJ,For profit - Partnership,36,36,36,36,36,36,36,36,36,36
NJ,Government - County,8,8,8,8,8,8,8,8,8,8
NJ,Government - State,3,3,3,3,3,3,3,3,3,3
NJ,Non profit - Church related,12,12,12,12,12,12,12,12,12,12
NJ,Non profit - Corporation,65,65,65,65,65,65,65,65,65,65
NJ,Non profit - Other,6,6,6,6,6,6,6,6,6,6
NM,For profit - Corporation,41,41,41,41,41,41,41,41,41,41
NM,For profit - Individual,1,1,1,1,1,1,1,1,1,1
NM,For profit - Limited Liability company,11,11,11,11,11,11,11,11,11,11
NM,For profit - Partnership,1,1,1,1,1,1,1,1,1,1
NM,Government - Hospital district,1,1,1,1,1,1,1,1,1,1
NM,Government - State,4,4,4,4,4,4,4,4,4,4
NM,Non profit - Corporation,10,10,10,10,10,10,10,10,10,10
NM,Non profit - Other,1,1,1,1,1,1,1,1,1,1
NV,For profit - Corporation,36,36,36,36,36,36,36,36,36,36
NV,For profit - Individual,5,5,5,5,5,5,5,5,5,5
NV,For profit - Limited Liability company,12,12,12,12,12,12,12,12,12,12
NV,For profit - Partnership,2,2,2,2,2,2,2,2,2,2
NV,Government - County,1,1,1,1,1,1,1,1,1,1
NV,Government - Hospital district,4,4,4,4,4,4,4,4,4,4
NV,Government - State,2,2,2,2,2,2,2,2,2,2
NV,Non profit - Corporation,4,4,4,4,4,4,4,4,4,4
NY,For profit - Corporation,235,235,235,235,235,235,235,235,235,235
NY,For profit - Individual,30,30,30,30,30,30,30,30,30,30
NY,For profit - Limited Liability company,77,77,77,77,77,77,77,77,77,77
NY,For profit - Partnership,58,58,58,58,58,58,58,58,58,58
NY,Government - City,4,4,4,4,4,4,4,4,4,4
NY,Government - City/county,2,2,2,2,2,2,2,2,2,2
NY,Government - County,14,14,14,14,14,14,14,14,14,14
NY,Government - State,9,9,9,9,9,9,9,9,9,9
NY,Non profit - Church related,15,15,15,15,15,15,15,15,15,15
NY,Non profit - Corporation,166,166,166,166,166,166,166,166,166,166
NY,Non profit - Other,6,6,6,6,6,6,6,6,6,6
OH,For profit - Corporation,642,642,642,638,642,642,642,642,642,642
OH,For profit - Individual,60,60,60,60,60,60,60,60,60,60
OH,For profit - Limited Liability company,7,7,7,7,7,7,7,7,7,7
OH,For profit - Partnership,35,35,35,35,35,35,35,35,35,35
OH,Government - City,3,3,3,3,3,3,3,3,3,3
OH,Government - City/county,1,1,1,1,1,1,1,1,1,1
OH,Government - County,13,13,13,13,13,13,13,13,13,13
OH,Government - State,1,1,1,1,1,1,1,1,1,1
OH,Non profit - Church related,36,36,36,36,36,36,36,36,36,36
OH,Non profit - Corporation,137,137,137,137,137,137,137,137,137,137
OH,Non profit - Other,18,18,18,18,18,18,18,18,18,18
OK,For profit - Corporation,146,146,146,145,146,146,146,146,146,146
OK,For profit - Individual,55,55,55,55,55,55,55,55,55,55
OK,For profit - Limited Liability company,11,11,11,11,11,11,11,11,11,11
OK,For profit - Partnership,46,46,46,46,46,46,46,46,46,46
OK,Government - City,5,5,5,5,5,5,5,5,5,5
OK,Government - City/county,6,6,6,6,6,6,6,6,6,6
OK,Government - County,3,3,3,3,3,3,3,3,3,3
OK,Government - State,1,1,1,0,1,1,1,1,1,1
OK,Non profit - Church related,7,7,7,7,7,7,7,7,7,7
OK,Non profit - Corporation,17,17,17,17,17,17,17,17,17,17
OK,Non profit - Other,1,1,1,1,1,1,1,1,1,1
OR,For profit - Corporation,93,93,93,93,93,93,93,93,93,93
OR,For profit - Individual,3,3,3,3,3,3,3,3,3,3
OR,For profit - Limited Liability company,3,3,3,3,3,3,3,3,3,3
OR,For profit - Partnership,9,9,9,9,9,9,9,9,9,9
OR,Government - City,1,1,1,1,1,1,1,1,1,1
OR,Government - Hospital district,2,2,2,2,2,2,2,2,2,2
OR,Non profit - Corporation,18,18,18,18,18,18,18,18,18,18
PA,For profit - Corporation,286,286,286,285,286,286,286,286,286,286
PA,For profit - Individual,3,3,3,3,3,3,3,3,3,3
PA,For profit - Limited Liability company,2,2,2,2,2,2,2,2,2,2
PA,For profit - Partnership,66,66,66,66,66,66,66,66,66,66
PA,Government - County,20,20,20,20,20,20,20,20,20,20
PA,Government - State,7,7,7,7,7,7,7,7,7,7
PA,Non profit - Church related,29,29,29,29,29,29,29,29,29,29
PA,Non profit - Corporation,260,260,260,260,260,260,260,260,260,260
PA,Non profit - Other,17,17,17,17,17,17,17,17,17,17
PR,For profit - Corporation,4,4,4,4,4,4,4,4,4,4
PR,Non profit - Corporation,2,2,2,2,2,2,2,2,2,2
RI,For profit - Corporation,46,46,46,46,46,46,46,46,46,46
RI,For profit - Individual,4,4,4,4,4,4,4,4,4,4
RI,For profit - Limited Liability company,10,10,10,10,10,10,10,10,10,10
RI,For profit - Partnership,6,6,6,6,6,6,6,6,6,6
RI,Non profit - Church related,1,1,1,1,1,1,1,1,1,1
RI,Non profit - Corporation,11,11,11,11,11,11,11,11,11,11
RI,Non profit - Other,1,1,1,1,1,1,1,1,1,1
SC,For profit - Corporation,108,108,108,108,108,108,108,108,108,108
SC,For profit - Individual,7,7,7,7,7,7,7,7,7,7
SC,For profit - Limited Liability company,32,32,32,32,32,32,32,32,32,32
SC,For profit - Partnership,2,2,2,2,2,2,2,2,2,2
SC,Government - County,2,2,2,2,2,2,2,2,2,2
SC,Government - Federal,1,1,1,1,1,1,1,1,1,1
SC,Government - Hospital district,4,4,4,4,4,4,4,4,4,4
SC,Government - State,5,5,5,5,5,5,5,5,5,5
SC,Non profit - Church related,6,6,6,6,6,6,6,6,6,6
SC,Non profit - Corporation,15,15,15,15,15,15,15,15,15,15
SC,Non profit - Other,7,7,7,7,7,7,7,7,7,7
SD,For profit - Corporation,16,16,16,16,16,16,16,16,16,16
SD,For profit - Individual,1,1,1,1,1,1,1,1,1,1
SD,For profit - Limited Liability company,20,20,20,20,20,20,20,20,20,20
SD,Government - City,3,3,3,3,3,3,3,3,3,3
SD,Government - State,2,2,2,2,2,2,2,2,2,2
SD,Non profit - Church related,12,12,12,12,12,12,12,12,12,12
SD,Non profit - Corporation,45,45,45,45,45,45,45,45,45,45
SD,Non profit - Other,5,5,5,5,5,5,5,5,5,5
TN,For profit - Corporation,162,162,162,162,162,162,162,162,162,162
TN,For profit - Individual,21,21,21,21,21,21,21,21,21,21
TN,For profit - Limited Liability company,46,46,46,46,46,46,46,46,46,46
TN,For profit - Partnership,19,19,19,19,19,19,19,19,19,19
TN,Government - City/county,1,1,1,1,1,1,1,1,1,1
TN,Government - County,9,9,9,9,9,9,9,9,9,9
TN,Government - State,6,6,6,6,6,6,6,6,6,6
TN,Non profit - Church related,4,4,4,4,4,4,4,4,4,4
TN,Non profit - Corporation,40,40,40,40,40,40,40,40,40,40
TN,Non profit - Other,7,7,7,7,7,7,7,7,7,7
TX,For profit - Corporation,649,649,649,647,649,649,649,649,649,649
TX,For profit - Individual,66,66,66,66,66,66,66,66,66,66
TX,For profit - Limited Liability company,172,172,172,170,172,172,172,172,172,172
TX,For profit - Partnership,92,92,92,92,92,92,92,92,92,92
TX,Government - City,1,1,1,1,1,1,1,1,1,1
TX,Government - City/county,1,1,1,1,1,1,1,1,1,1
TX,Government - County,10,10,10,10,10,10,10,10,10,10
TX,Government - Federal,1,1,1,1,1,1,1,1,1,1
TX,Government - Hospital district,128,128,128,128,128,128,128,128,128,128
TX,Government - State,5,5,5,5,5,5,5,5,5,5
TX,Non profit - Church related,8,8,8,8,8,8,8,8,8,8
TX,Non profit - Corporation,71,71,71,70,71,71,71,71,71,71
TX,Non profit - Other,8,8,8,8,8,8,8,8,8,8
UT,For profit - Corporation,43,43,43,43,43,43,43,43,43,43
UT,For profit - Individual,3,3,3,3,3,3,3,3,3,3
UT,For profit - Limited Liability company,11,11,11,11,11,11,11,11,11,11
UT,For profit - Partnership,2,2,2,2,2,2,2,2,2,2
UT,Government - City,6,6,6,6,6,6,6,6,6,6
UT,Government - City/county,2,2,2,2,2,2,2,2,2,2
UT,Government - County,10,10,10,10,10,10,10,10,10,10
UT,Government - Federal,1,1,1,1,1,1,1,1,1,1
UT,Government - Hospital district,4,4,4,4,4,4,4,4,4,4
UT,Government - State,3,3,3,3,3,3,3,3,3,3
UT,Non profit - Corporation,11,11,11,11,11,11,11,11,11,11
UT,Non profit - Other,1,1,1,1,1,1,1,1,1,1
VA,For profit - Corporation,155,155,155,155,155,155,155,155,155,155
VA,For profit - Individual,6,6,6,6,6,6,6,6,6,6
VA,For profit - Limited Liability company,16,16,16,16,16,16,16,16,16,16
VA,For profit - Partnership,20,20,20,20,20,20,20,20,20,20
VA,Government - City,1,1,1,1,1,1,1,1,1,1
VA,Government - City/county,1,1,1,1,1,1,1,1,1,1
VA,Government - County,2,2,2,2,2,2,2,2,2,2
VA,Government - State,4,4,4,4,4,4,4,4,4,4
VA,Non profit - Church related,11,11,11,11,11,11,11,11,11,11
VA,Non profit - Corporation,68,68,68,68,68,68,68,68,68,68
VA,Non profit - Other,2,2,2,2,2,2,2,2,2,2
VT,For profit - Corporation,19,19,19,19,19,19,19,19,19,19
VT,For profit - Partnership,4,4,4,4,4,4,4,4,4,4
VT,Government - State,1,1,1,1,1,1,1,1,1,1
VT,Non profit - Corporation,11,11,11,11,11,11,11,11,11,11
WA,For profit - Corporation,111,111,111,111,111,111,111,111,111,111
WA,For profit - Individual,8,8,8,8,8,8,8,8,8,8
WA,For profit - Limited Liability company,24,24,24,24,24,24,24,24,24,24
WA,For profit - Partnership,5,5,5,5,5,5,5,5,5,5
WA,Government - Federal,1,1,1,1,1,1,1,1,1,1
WA,Government - Hospital district,4,4,4,4,4,4,4,4,4,4
WA,Government - State,8,8,8,8,8,8,8,8,8,8
WA,Non profit - Church related,6,6,6,6,6,6,6,6,6,6
WA,Non profit - Corporation,30,30,30,30,30,30,30,30,30,30
WA,Non profit - Other,6,6,6,6,6,6,6,6,6,6
WI,For profit - Corporation,142,142,142,142,142,142,142,142,142,142
WI,For profit - Individual,12,12,12,12,12,12,12,12,12,12
WI,For profit - Limited Liability company,21,21,21,21,21,21,21,21,21,21
WI,For profit - Partnership,18,18,18,18,18,18,18,18,18,18
WI,Government - City,4,4,4,4,4,4,4,4,4,4
WI,Government - City/county,2,2,2,2,2,2,2,2,2,2
WI,Government - County,35,35,35,35,35,35,35,35,35,35
WI,Government - Federal,1,1,1,1,1,1,1,1,1,1
WI,Government - State,5,5,5,5,5,5,5,5,5,5
WI,Non profit - Church related,22,22,22,22,22,22,22,22,22,22
WI,Non profit - Corporation,89,89,89,89,89,89,89,89,89,89
WI,Non profit - Other,2,2,2,2,2,2,2,2,2,2
WV,For profit - Corporation,54,54,54,54,54,54,54,54,54,54
WV,For profit - Individual,5,5,5,5,5,5,5,5,5,5
WV,For profit - Limited Liability company,29,29,29,29,29,29,29,29,29,29
WV,For profit - Partnership,7,7,7,7,7,7,7,7,7,7
WV,Government - State,5,5,5,5,5,5,5,5,5,5
WV,Non profit - Church related,2,2,2,2,2,2,2,2,2,2
WV,Non profit - Corporation,18,18,18,18,18,18,18,18,18,18
WV,Non profit - Other,2,2,2,2,2,2,2,2,2,2
WY,For profit - Corporation,15,15,15,15,15,15,15,15,15,15
WY,For profit - Limited Liability company,3,3,3,3,3,3,3,3,3,3
WY,Government - Federal,1,1,1,1,1,1,1,1,1,1
WY,Government - Hospital district,12,12,12,12,12,12,12,12,12,12
WY,Government - State,1,1,1,1,1,1,1,1,1,1
WY,Non profit - Corporation,4,4,4,4,4,4,4,4,4,4
